-- phpMyAdmin SQL Dump
-- version 3.5.5
-- http://www.phpmyadmin.net
--
-- Host: localhost
-- Generation Time: Jun 18, 2014 at 07:11 PM
-- Server version: 5.5.29
-- PHP Version: 5.4.10

SET SQL_MODE="NO_AUTO_VALUE_ON_ZERO";
SET time_zone = "+00:00";


/*!40101 SET @OLD_CHARACTER_SET_CLIENT=@@CHARACTER_SET_CLIENT */;
/*!40101 SET @OLD_CHARACTER_SET_RESULTS=@@CHARACTER_SET_RESULTS */;
/*!40101 SET @OLD_COLLATION_CONNECTION=@@COLLATION_CONNECTION */;
/*!40101 SET NAMES utf8 */;

--
-- Database: `DialogueConcepts`
--
CREATE DATABASE `DialogueConcepts` DEFAULT CHARACTER SET utf8 COLLATE utf8_general_ci;
USE `DialogueConcepts`;

-- --------------------------------------------------------

--
-- Table structure for table `CannedDialogues`
--

CREATE TABLE `CannedDialogues` (
  `DialogueType` varchar(12) NOT NULL,
  `DialogueText` varchar(1000) NOT NULL DEFAULT '',
  PRIMARY KEY (`DialogueType`)
) ENGINE=InnoDB DEFAULT CHARSET=utf8;

--
-- Dumping data for table `CannedDialogues`
--

INSERT INTO `CannedDialogues` (`DialogueType`, `DialogueText`) VALUES
('Consolation', 'That''s ok. We all learn something new everyday!;Oh, that''s alright. I also just learned that!'),
('Praise', 'Wow! You''re so smart!'),
('Transition', 'I think you''re feeling better now. I had a lot of fun talking with you, but let''s go back to the lesson now!;I''m glad you''re feeling better now. Let''s go back to the lesson now!;I had a lot of fun talking with you. Let''s go back to the lesson now that you''re feeling better.\n');

-- --------------------------------------------------------

--
-- Table structure for table `Concepts`
--

CREATE TABLE `Concepts` (
  `ConceptID` varchar(8) NOT NULL,
  `ConceptString` varchar(25) NOT NULL,
  `Context` varchar(300) NOT NULL DEFAULT '',
  `PartOfSpeech` varchar(20) NOT NULL,
  `WordID` varchar(44) NOT NULL,
  `PolarityValue` float NOT NULL DEFAULT '0',
  PRIMARY KEY (`ConceptID`),
  UNIQUE KEY `ConceptID` (`ConceptID`)
) ENGINE=InnoDB DEFAULT CHARSET=utf8;

--
-- Dumping data for table `Concepts`
--

INSERT INTO `Concepts` (`ConceptID`, `ConceptString`, `Context`, `PartOfSpeech`, `WordID`, `PolarityValue`) VALUES
('CONC0001', 'airplane', '', 'noun', 'WORD0001', 0),
('CONC0002', 'fly', 'to move or travel through air', 'verb', 'WORD0002', 0),
('CONC0003', 'wing', '', 'noun', 'WORD0003', 0),
('CONC0004', 'ant', '', 'noun', 'WORD0004', 0),
('CONC0005', 'insect', '', 'noun', 'WORD0005', 0),
('CONC0006', 'apple juice', '', 'noun phrase', 'WORD0006 WORD0007', 0),
('CONC0007', 'sweet', 'having a pleasant taste characteristic of sugar or honey', 'adjective', 'WORD0008', 0),
('CONC0008', 'drink', 'a beverage', 'noun', 'WORD0009', 0),
('CONC0009', 'juice', '', 'noun', 'WORD0007', 0),
('CONC0010', 'apple', '', 'noun', 'WORD0006', 0),
('CONC0011', 'drink', 'to take a liquid into one''s mouth and swallow', 'verb', 'WORD0010', 0),
('CONC0012', 'hang from tree', '', 'verb phrase', 'WORD0011 WORD0012 WORD0013', 0),
('CONC0013', 'in tree', '', 'prepositional phrase', 'WORD0014 WORD0013', 0),
('CONC0014', 'tree', '', 'noun', 'WORD0013', 0),
('CONC0015', 'seed', 'a plant''s mature, fertilized ovule', 'noun', 'WORD0015', 0),
('CONC0016', 'crunchy', '', 'adjective', 'WORD0016', 0),
('CONC0017', 'delicious', '', 'adjective', 'WORD0017', 0),
('CONC0018', 'good for you', '', 'adjective phrase', 'WORD0018 WORD0019 WORD0020', 0),
('CONC0019', 'good to eat', '', 'adjective phrase', 'WORD0018 WORD0021 WORD0022', 0),
('CONC0020', 'juicy', '', 'adjective', 'WORD0024', 0),
('CONC0021', 'red', '', 'adjective', 'WORD0025', 0),
('CONC0022', 'round', '', 'adjective', 'WORD0026', 0),
('CONC0023', 'small', '', 'adjective', 'WORD0027', 0),
('CONC0024', 'food', '', 'noun', 'WORD0028', 0),
('CONC0025', 'fruit', 'the edible product of a plant', 'noun', 'WORD0029', 0),
('CONC0026', 'eat', '', 'verb', 'WORD0022', 0),
('CONC0027', 'art paper', '', 'noun', 'WORD0030', 0),
('CONC0028', 'paper', 'a material made from wood and used for drawing and writing', 'noun', 'WORD0031', 0),
('CONC0029', 'bacon', '', 'noun', 'WORD0032', 0),
('CONC0030', 'ball', 'a solid or hollow sphere that is used in games', 'noun', 'WORD0033', 0),
('CONC0031', 'in toy store', '', 'prepositional phrase', 'WORD0014 WORD0034 WORD0035', 0),
('CONC0032', 'toy', 'a child''s plaything', 'noun', 'WORD0034', 0),
('CONC0033', 'catch', 'to intercept and hold something that has been thrown or dropped, or is falling', 'verb', 'WORD0036', 0),
('CONC0034', 'chase', '', 'verb', 'WORD0037', 0),
('CONC0035', 'fun', '', 'adjective', 'WORD0038', 0),
('CONC0036', 'play game', '', 'verb phrase', 'WORD0039 WORD0040', 0),
('CONC0037', 'balloon', 'a brightly colored rubber bag that can be inflated with air or another lighter gas, and used as a toy or for decoration', 'noun', 'WORD0041', 0),
('CONC0038', 'at party', 'a social gathering of invited guests', 'prepositional phrase', 'WORD0042 WORD0043', 0),
('CONC0039', 'birthday party', '', 'noun phrase', 'WORD0044 WORD0043', 0),
('CONC0040', 'party', 'a social gathering of invited guests', 'noun', 'WORD0043', 0),
('CONC0041', 'colorful', 'having many or varied colors', 'adjective', 'WORD0045', 0),
('CONC0042', 'banana split', '', 'noun', 'WORD0046', 0),
('CONC0043', 'banana', '', 'noun', 'WORD0047', 0),
('CONC0044', 'ice cream', '', 'noun', 'WORD0048', 0),
('CONC0045', 'dessert', '', 'noun', 'WORD0049', 0),
('CONC0046', 'at grocery store', '', 'prepositional phrase', 'WORD0042 WORD0050 WORD0035', 0),
('CONC0047', 'green', 'a color that is a mix between blue and yellow', 'adjective', 'WORD0052', 0),
('CONC0048', 'yellow', '', 'adjective', 'WORD0053', 0),
('CONC0049', 'barbecue', '', 'noun', 'WORD0054', 0),
('CONC0050', 'in garden', '', 'prepositional phrase', 'WORD0014 WORD0055', 0),
('CONC0051', 'basketball player', '', 'noun phrase', 'WORD0056 WORD0057', 0),
('CONC0052', 'tall', '', 'adjective', 'WORD0058', 0),
('CONC0053', 'basketball', 'an indoor game played in a rectangular court by two teams whose respective five players work together to toss a basketball through a raised basket to score points, or to prevent the opposing team from scoring', 'noun', 'WORD0056', 0),
('CONC0054', 'at gym', '', 'prepositional phrase', 'WORD0042 WORD0059', 0),
('CONC0055', 'park', 'a public recreation area', 'noun', 'WORD0060', 0),
('CONC0056', 'game', 'a competitive activity that follows a set of rules and is decided by skill, strength or luck', 'noun', 'WORD0040', 0),
('CONC0057', 'sport', 'an activity involving physical prowess, and in which individuals or teams compete against each other', 'noun', 'WORD0061', 0),
('CONC0058', 'basketball', 'the round inflated ball used in the game', 'noun', 'WORD0056', 0),
('CONC0059', 'orange', 'a color that is a mix between red and yellow', 'adjective', 'WORD0062', 0),
('CONC0060', 'play basketball', 'to play a game of basketball', 'verb phrase', 'WORD0039 WORD0056', 0),
('CONC0061', 'bat', 'a nocturnal, flying mammal', 'noun', 'WORD0063', 0),
('CONC0062', 'beach ball', '', 'noun', 'WORD0064', 0),
('CONC0063', 'beautiful', '', 'adjective', 'WORD0065', 0),
('CONC0064', 'pretty', '', 'adjective', 'WORD0066', 0),
('CONC0065', 'bee', '', 'noun', 'WORD0067', 0),
('CONC0066', 'beef', '', 'noun', 'WORD0068', 0),
('CONC0067', 'bird', '', 'noun', 'WORD0069', 0),
('CONC0068', 'in park', 'a public recreation area', 'prepositional phrase', 'WORD0014 WORD0060', 0),
('CONC0069', 'blow candle', '', 'verb phrase', 'WORD0070 WORD0071', 0),
('CONC0070', 'eat cake', '', 'verb phrase', 'WORD0022 WORD0072', 0),
('CONC0071', 'blood', '', 'noun', 'WORD0073', 0),
('CONC0072', 'blue', '', 'adjective', 'WORD0074', 0),
('CONC0073', 'color', 'the quality of an object characterized by the way it reflects or emits light', 'noun', 'WORD0075', 0),
('CONC0074', 'book', 'a written or printed work on sheets of paper that are bound together within covers', 'noun', 'WORD0076', 0),
('CONC0075', 'bread', '', 'noun', 'WORD0077', 0),
('CONC0076', 'refrigerator', '', 'noun', 'WORD0078', 0),
('CONC0077', 'bug', 'an insect', 'noun', 'WORD0079', 0),
('CONC0078', 'garden', '', 'noun', 'WORD0055', 0),
('CONC0079', 'in forest', '', 'prepositional phrase', 'WORD0014 WORD0080', 0),
('CONC0080', 'butter', 'a white or pale yellow fatty substance made from churning milk or cream', 'noun', 'WORD0081', 0),
('CONC0081', 'butterfly', '', 'noun', 'WORD0082', 0),
('CONC0082', 'cake', '', 'noun', 'WORD0072', 0),
('CONC0083', 'tasty', '', 'adjective', 'WORD0083', 0),
('CONC0084', 'candy', '', 'noun', 'WORD0084', 0),
('CONC0085', 'sweet', 'food items that have high sugar content and a sweet flavor, such as pastries and confectioneries', 'noun', 'WORD0085', 0),
('CONC0086', 'carpenter', '', 'noun', 'WORD0086', 0),
('CONC0087', 'build house', '', 'verb phrase', 'WORD0087 WORD0088', 0),
('CONC0088', 'carrot', '', 'noun', 'WORD0089', 0),
('CONC0089', 'supermarket', '', 'noun', 'WORD0090', 0),
('CONC0090', 'plant', 'any living organism of the kingdom Plantae', 'noun', 'WORD0091', 0),
('CONC0091', 'vegetable', '', 'noun', 'WORD0092', 0),
('CONC0092', 'cat', '', 'noun', 'WORD0093', 0),
('CONC0093', 'climb tree', '', 'verb phrase', 'WORD0094 WORD0013', 0),
('CONC0094', 'caterpillar', '', 'noun', 'WORD0095', 0),
('CONC0095', 'become butterfly', '', 'verb phrase', 'WORD0096 WORD0082', 0),
('CONC0096', 'many leg', '', 'noun phrase', 'WORD0166 WORD0098', 0),
('CONC0097', 'cave', '', 'noun', 'WORD0099', 0),
('CONC0098', 'in mountain', '', 'prepositional phrase', 'WORD0014 WORD0100', 0),
('CONC0099', 'cereal', '', 'noun', 'WORD0101', 0),
('CONC0100', 'cheese', '', 'noun', 'WORD0102', 0),
('CONC0101', 'chick', '', 'noun', 'WORD0103', 0),
('CONC0102', 'chicken', 'a domestic fowl grown for its meat and eggs', 'noun', 'WORD0104', 0),
('CONC0103', 'child', '', 'noun', 'WORD0105', 0),
('CONC0104', 'person', '', 'noun', 'WORD0106', 0),
('CONC0105', 'chocolate milk', '', 'noun', 'WORD0107', 0),
('CONC0106', 'chocolate', 'a candy that is made of, or covered with chocolate', 'noun', 'WORD0108', 0),
('CONC0107', 'chocolate', 'an ice cream flavor flavored with chocolate', 'noun', 'WORD0108', 0),
('CONC0108', 'ice cream flavor', '', 'noun phrase', 'WORD0048 WORD0109', 0),
('CONC0109', 'christmas ornament', '', 'noun', 'WORD0110', 0),
('CONC0110', 'climb mountain', '', 'verb phrase', 'WORD0094 WORD0100', 0),
('CONC0111', 'be careful', '', 'verb phrase', 'WORD0111 WORD0112', 0),
('CONC0112', 'brave', '', 'adjective', 'WORD0113', 0),
('CONC0113', 'dangerous', '', 'adjective', 'WORD0114', 0),
('CONC0114', 'climb', '', 'verb', 'WORD0094', 0),
('CONC0115', 'mountain', '', 'noun', 'WORD0100', 0),
('CONC0116', 'clock', 'a mechanical instrument for measuring time', 'noun', 'WORD0115', 0),
('CONC0117', 'coin', '', 'noun', 'WORD0116', 0),
('CONC0118', 'coke', '', 'noun', 'WORD0117', 0),
('CONC0119', 'construction paper', '', 'noun', 'WORD0118', 0),
('CONC0120', 'cook', 'to prepare food using heat', 'verb', 'WORD0119', 0),
('CONC0121', 'cookie', '', 'noun', 'WORD0120', 0),
('CONC0122', 'corn', '', 'noun', 'WORD0121', 0),
('CONC0123', 'crayon', '', 'noun', 'WORD0122', 0),
('CONC0124', 'color', '', 'verb', 'WORD0123', 0),
('CONC0125', 'crepe paper', '', 'noun', 'WORD0124', 0),
('CONC0126', 'crispy', '', 'adjective', 'WORD0125', 0),
('CONC0127', 'daisy', '', 'noun', 'WORD0126', 0),
('CONC0128', 'dog', '', 'noun', 'WORD0127', 0),
('CONC0129', 'doll', '', 'noun', 'WORD0128', 0),
('CONC0130', 'donut', '', 'noun', 'WORD0129', 0),
('CONC0131', 'dinner', '', 'noun', 'WORD0130', 0),
('CONC0132', 'be thirsty', '', 'verb phrase', 'WORD0111 WORD0131', 0),
('CONC0133', 'duck', 'a waterbird characterized with a broad flat bill, short legs, and webbed feet ', 'noun', 'WORD0132', 0),
('CONC0134', 'earth', '', 'noun', 'WORD0133', 0),
('CONC0135', 'eat breakfast', '', 'verb phrase', 'WORD0022 WORD0134', 0),
('CONC0136', 'eat dinner', '', 'verb phrase', 'WORD0022 WORD0130', 0),
('CONC0137', 'eat ice cream', '', 'verb phrase', 'WORD0022 WORD0048', 0),
('CONC0138', 'cold', 'a respiratory disorder that causes sneezing, coughing, nasal congestion, and sore throat, among other symptoms', 'noun', 'WORD0135', 0),
('CONC0139', 'happiness', '', 'noun', 'WORD0136', 0),
('CONC0140', 'lick', '', 'verb', 'WORD0137', 0),
('CONC0141', 'smile', '', 'verb', 'WORD0138', 0),
('CONC0142', 'cool off', '', 'verb phrase', 'WORD0139', 0),
('CONC0143', 'eat lunch', '', 'verb phrase', 'WORD0022 WORD0140', 0),
('CONC0144', 'eat sweet', '', 'verb phrase', 'WORD0022 WORD0085', 0),
('CONC0145', 'feel happy', '', 'verb phrase', 'WORD0141 WORD0142', 0),
('CONC0146', 'eat vegetable', '', 'verb phrase', 'WORD0022 WORD0092', 0),
('CONC0147', 'be full', '', 'verb phrase', 'WORD0111 WORD0143', 0),
('CONC0148', 'be happy', '', 'verb phrase', 'WORD0111 WORD0142', 0),
('CONC0149', 'be sleepy', '', 'verb phrase', 'WORD0111 WORD0144', 0),
('CONC0150', 'feel full', '', 'verb phrase', 'WORD0141 WORD0143', 0),
('CONC0151', 'brush tooth', '', 'verb phrase', 'WORD0145 WORD0146', 0),
('CONC0152', 'go to restaurant', '', 'verb phrase', 'WORD0147 WORD0023 WORD0148', 0),
('CONC0153', 'wash hand', '', 'verb phrase', 'WORD0149 WORD0150', 0),
('CONC0154', 'chew food', '', 'verb phrase', 'WORD0151 WORD0028', 0),
('CONC0155', 'chew', '', 'verb', 'WORD0151', 0),
('CONC0156', 'drink water', '', 'verb phrase', 'WORD0010 WORD0152', 0),
('CONC0157', 'restaurant', '', 'noun', 'WORD0148', 0),
('CONC0158', 'be hungry', '', 'verb phrase', 'WORD0111 WORD0153', 0),
('CONC0159', 'egg', '', 'noun', 'WORD0154', 0),
('CONC0160', 'eraser', '', 'noun', 'WORD0155', 0),
('CONC0161', 'pencil', '', 'noun', 'WORD0156', 0),
('CONC0162', 'exercise', '', 'noun', 'WORD0157', 0),
('CONC0163', 'fast food', '', 'noun', 'WORD0158', 0),
('CONC0164', 'fire truck', '', 'noun', 'WORD0159', 0),
('CONC0165', 'fire', '', 'noun', 'WORD0160', 0),
('CONC0166', 'firework', '', 'noun', 'WORD0161', 0),
('CONC0167', 'fish', '', 'noun', 'WORD0162', 0),
('CONC0168', 'flagpole', '', 'noun', 'WORD0163', 0),
('CONC0169', 'flower', 'the part of the plant that consists of its reproductive organs', 'noun', 'WORD0164', 0),
('CONC0170', 'come in many color', '', 'verb phrase', 'WORD0165 WORD0014 WORD0166 WORD0075', 0),
('CONC0171', 'fragrant', '', 'adjective', 'WORD0167', 0),
('CONC0172', 'fly', 'a common two-winged insect that is also known as the true fly', 'noun', 'WORD0168', 0),
('CONC0173', 'forest', '', 'noun', 'WORD0080', 0),
('CONC0174', 'garbage', '', 'noun', 'WORD0169', 0),
('CONC0175', 'sky', '', 'noun', 'WORD0170', 0),
('CONC0176', 'at restaurant', '', 'prepositional phrase', 'WORD0042 WORD0148', 0),
('CONC0177', 'at supermarket', '', 'prepositional phrase', 'WORD0042 WORD0090', 0),
('CONC0178', 'in refrigerator', '', 'prepositional phrase', 'WORD0014 WORD0078', 0),
('CONC0179', 'in restaurant', '', 'prepositional phrase', 'WORD0014 WORD0148', 0),
('CONC0180', 'mall', '', 'noun', 'WORD0171', 0),
('CONC0181', 'get rid of hunger', '', 'verb phrase', 'WORD0172 WORD0173', 0),
('CONC0182', 'rot', 'to decompose or decay', 'verb', 'WORD0174', 0),
('CONC0183', 'yummy', '', 'adjective', 'WORD0175', 0),
('CONC0184', 'grill', 'to cook food on a grill or gridiron', 'verb', 'WORD0176', 0),
('CONC0185', 'serve on plate', '', 'verb', 'WORD0177 WORD0178 WORD0179', 0),
('CONC0186', 'fill up stomach', '', 'verb phrase', 'WORD0180 WORD0181', 0),
('CONC0187', 'hunger', '', 'noun', 'WORD0173', 0),
('CONC0188', 'fork', '', 'noun', 'WORD0182', 0),
('CONC0189', 'friend', '', 'noun', 'WORD0183', 0),
('CONC0190', 'house', '', 'noun', 'WORD0088', 0),
('CONC0191', 'grow flower', '', 'verb phrase', 'WORD0184 WORD0164', 0),
('CONC0192', 'gift', '', 'noun', 'WORD0185', 0),
('CONC0193', 'go to market', '', 'verb phrase', 'WORD0147 WORD0023 WORD0186', 0),
('CONC0194', 'go up mountain', '', 'verb phrase', 'WORD0147 WORD0187 WORD0100', 0),
('CONC0195', 'go up tree', '', 'verb phrase', 'WORD0147 WORD0187 WORD0013', 0),
('CONC0196', 'ham', '', 'noun', 'WORD0188', 0),
('CONC0197', 'hamburger', '', 'noun', 'WORD0189', 0),
('CONC0198', 'have friend over', '', 'verb phrase', 'WORD0190 WORD0183 WORD0191', 0),
('CONC0199', 'heart', '', 'noun', 'WORD0192', 0),
('CONC0200', 'hot chocolate', '', 'noun', 'WORD0193', 0),
('CONC0201', 'in freezer', '', 'prepositional phrase', 'WORD0014 WORD0194', 0),
('CONC0202', 'melt', '', 'verb', 'WORD0195', 0),
('CONC0203', 'cold', 'having a little or no warmth', 'adjective', 'WORD0196', 0),
('CONC0204', 'milk', '', 'noun', 'WORD0197', 0),
('CONC0205', 'sore throat', '', 'noun', 'WORD0198', 0),
('CONC0206', 'in pond', '', 'prepositional phrase', 'WORD0014 WORD0199', 0),
('CONC0207', 'on leaf', 'the flattened and typically green organ of a plant that is attached to the stem', 'prepositional phrase', 'WORD0178 WORD0200', 0),
('CONC0208', 'animal', '', 'noun', 'WORD0202', 0),
('CONC0209', 'junk food', '', 'noun', 'WORD0203', 0),
('CONC0210', 'kitten', '', 'noun', 'WORD0204', 0),
('CONC0211', 'ladybug', '', 'noun', 'WORD0205', 0),
('CONC0212', 'lasagna', '', 'noun', 'WORD0206', 0),
('CONC0213', 'leaf', 'the flattened and typically green organ of a plant that is attached to the stem', 'noun', 'WORD0200', 0),
('CONC0214', 'leftover', 'food that has remained uneaten after the meal', 'noun', 'WORD0207', 0),
('CONC0215', 'lettuce', '', 'noun', 'WORD0208', 0),
('CONC0216', 'magician', '', 'noun', 'WORD0209', 0),
('CONC0217', 'magnet', '', 'noun', 'WORD0210', 0),
('CONC0218', 'marker', '', 'noun', 'WORD0211', 0),
('CONC0219', 'meat', '', 'noun', 'WORD0212', 0),
('CONC0220', 'money', '', 'noun', 'WORD0213', 0),
('CONC0221', 'monkey', '', 'noun', 'WORD0214', 0),
('CONC0222', 'at zoo', '', 'prepositional phrase', 'WORD0042 WORD0215', 0),
('CONC0223', 'in zoo', '', 'prepositional phrase', 'WORD0014 WORD0215', 0),
('CONC0224', 'long tail', '', 'noun phrase', 'WORD0216 WORD0217', 0),
('CONC0225', 'funny', '', 'adjective', 'WORD0218', 0),
('CONC0226', 'moon', 'the earth''s natural satellite', 'noun', 'WORD0219', 0),
('CONC0227', 'mosquito', '', 'noun', 'WORD0220', 0),
('CONC0228', 'music', '', 'noun', 'WORD0221', 0),
('CONC0229', 'nest', 'a structure that a bird chooses or makes for laying eggs and housing its young', 'noun', 'WORD0222', 0),
('CONC0230', 'night sky', '', 'noun phrase', 'WORD0223 WORD0170', 0),
('CONC0231', 'noodle', '', 'noun', 'WORD0224', 0),
('CONC0232', 'ocean', '', 'noun', 'WORD0225', 0),
('CONC0233', 'orange juice', '', 'noun phrase', 'WORD0226 WORD0007', 0),
('CONC0234', 'orange', 'a round bitter or sweet citrus fruit', 'noun', 'WORD0226', 0),
('CONC0235', 'paint', 'a colored substance used to coat various surfaces for protection or decorative purposes', 'noun', 'WORD0227', 0),
('CONC0236', 'in book', 'a written or printed work on sheets of paper that are bound together within covers', 'prepositional phrase', 'WORD0014 WORD0076', 0),
('CONC0237', 'notebook', '', 'noun', 'WORD0228', 0),
('CONC0238', 'wood', '', 'noun', 'WORD0229', 0),
('CONC0239', 'draw', 'to create a picture by making marks and lines', 'verb', 'WORD0230', 0),
('CONC0240', 'write', '', 'verb', 'WORD0231', 0),
('CONC0241', 'playground', '', 'noun', 'WORD0232', 0),
('CONC0242', 'in house', '', 'prepositional phrase', 'WORD0014 WORD0088', 0),
('CONC0243', 'dress nicely', '', 'verb phrase', 'WORD0233 WORD0234', 0),
('CONC0244', 'celebration', '', 'noun', 'WORD0236', 0),
('CONC0245', 'birthday', '', 'noun', 'WORD0044', 0),
('CONC0246', 'celebrate birthday', '', 'verb phrase', 'WORD0237 WORD0044', 0),
('CONC0247', 'pencil sharpener', '', 'noun', 'WORD0238', 0),
('CONC0248', 'at school', '', 'prepositional phrase', 'WORD0042 WORD0239', 0),
('CONC0249', 'desk', '', 'noun', 'WORD0240', 0),
('CONC0250', 'in pencil case', '', 'prepositional phrase', 'WORD0014 WORD0156 WORD0241', 0),
('CONC0251', 'on desk', '', 'prepositional phrase', 'WORD0178 WORD0240', 0),
('CONC0252', 'pencil case', '', 'noun phrase', 'WORD0156 WORD0241', 0),
('CONC0253', 'break', 'to suddenly and violently separate into pieces', 'verb', 'WORD0242', 0),
('CONC0254', 'pen', '', 'noun', 'WORD0243', 0),
('CONC0255', 'write note', '', 'verb phrase', 'WORD0231 WORD0244', 0),
('CONC0256', 'pepsi', '', 'noun', 'WORD0245', 0),
('CONC0257', 'picture', '', 'noun', 'WORD0246', 0),
('CONC0258', 'pineapple juice', '', 'noun phrase', 'WORD0247 WORD0007', 0),
('CONC0259', 'pineapple', '', 'noun', 'WORD0247', 0),
('CONC0260', 'pink', '', 'adjective', 'WORD0248', 0),
('CONC0261', 'pizza', '', 'noun', 'WORD0249', 0),
('CONC0262', 'at park', 'a public recreation area', 'prepositional phrase', 'WORD0042 WORD0060', 0),
('CONC0263', 'pot', 'a usually round container used for cooking, serving or storage', 'noun', 'WORD0250', 0),
('CONC0264', 'grow', 'to naturally develop by increasing in size and changing physically', 'verb', 'WORD0184', 0),
('CONC0265', 'food for animal', '', 'noun phrase', 'WORD0028 WORD0019 WORD0202', 0),
('CONC0266', 'soil', '', 'noun', 'WORD0251', 0),
('CONC0267', 'sunlight', '', 'noun', 'WORD0252', 0),
('CONC0268', 'water', 'a transparent, odorless and tasteless liquid that form oceans, rivers, lakes, and rain, among others', 'noun', 'WORD0152', 0),
('CONC0269', 'play', 'to do something enjoyable, and for recreation', 'verb', 'WORD0039', 0),
('CONC0270', 'popcorn', '', 'noun', 'WORD0253', 0),
('CONC0271', 'pork', '', 'noun', 'WORD0254', 0),
('CONC0272', 'rabbit', '', 'noun', 'WORD0255', 0),
('CONC0273', 'rainbow', '', 'noun', 'WORD0256', 0),
('CONC0274', 'color of love', '', 'noun phrase', 'WORD0075 WORD0257 WORD0258', 0),
('CONC0275', 'primary color', '', 'noun', 'WORD0259', 0),
('CONC0276', 'anger', '', 'noun', 'WORD0260', 0),
('CONC0277', 'danger', '', 'noun', 'WORD0261', 0),
('CONC0278', 'love', '', 'noun', 'WORD0258', 0),
('CONC0279', 'in kitchen', '', 'prepositional phrase', 'WORD0014 WORD0262', 0),
('CONC0280', 'kitchen', '', 'noun', 'WORD0262', 0),
('CONC0281', 'use electricity', '', 'verb phrase', 'WORD0263 WORD0264', 0),
('CONC0282', 'keep food cool', '', 'verb phrase', 'WORD0265 WORD0028 WORD0266', 0),
('CONC0283', 'keep food', '', 'verb phrase', 'WORD0265 WORD0028', 0),
('CONC0284', 'rice', '', 'noun', 'WORD0267', 0),
('CONC0285', 'rose', 'the flower of any shrub in the genus Rosa', 'noun', 'WORD0268', 0),
('CONC0286', 'attract bug', '', 'verb phrase', 'WORD0269 WORD0079', 0),
('CONC0287', 'thorn', '', 'noun', 'WORD0270', 0),
('CONC0288', 'shape', '', 'noun', 'WORD0271', 0),
('CONC0289', 'circle', '', 'noun', 'WORD0272', 0),
('CONC0290', 'rubber duck', '', 'noun', 'WORD0273', 0),
('CONC0291', 'sandbox', '', 'noun', 'WORD0274', 0),
('CONC0292', 'sausage', '', 'noun', 'WORD0275', 0),
('CONC0293', 'seashell', '', 'noun', 'WORD0276', 0),
('CONC0294', 'become tree', '', 'verb phrase', 'WORD0096 WORD0013', 0),
('CONC0295', 'grow into plant', '', 'verb', 'WORD0184 WORD0277 WORD0091', 0),
('CONC0296', 'bird food', '', 'noun phrase', 'WORD0069 WORD0028', 0),
('CONC0297', 'grow plant', '', 'verb', 'WORD0184 WORD0091', 0),
('CONC0298', 'slide', 'a structure with a smooth slope for sliding down', 'noun', 'WORD0278', 0),
('CONC0299', 'large', '', 'adjective', 'WORD0279', 0),
('CONC0300', 'snack', 'a small portion of food eaten in between meals', 'noun', 'WORD0280', 0),
('CONC0301', 'soap', '', 'noun', 'WORD0281', 0),
('CONC0302', 'soda', '', 'noun', 'WORD0282', 0),
('CONC0303', 'soft drink', '', 'noun', 'WORD0283', 0),
('CONC0304', 'soup', '', 'noun', 'WORD0284', 0),
('CONC0305', 'spaghetti sauce', '', 'noun phrase', 'WORD0285 WORD0286', 0),
('CONC0306', 'spider', '', 'noun', 'WORD0287', 0),
('CONC0307', 'spoon', '', 'noun', 'WORD0288', 0),
('CONC0308', 'star', 'a fixed luminous point in the sky at night', 'noun', 'WORD0289', 0),
('CONC0309', 'stone', 'the hard, solid mineral matter from which rock is made', 'noun', 'WORD0290', 0),
('CONC0310', 'stop sign', '', 'noun', 'WORD0291', 0),
('CONC0311', 'strawberry', 'a sweet red fruit', 'noun', 'WORD0292', 0),
('CONC0312', 'strawberry', 'an ice cream flavor flavored with strawberries', 'noun', 'WORD0292', 0),
('CONC0313', 'summer', '', 'noun', 'WORD0293', 0),
('CONC0314', 'sun', '', 'noun', 'WORD0294', 0),
('CONC0315', 'sundae', '', 'noun', 'WORD0295', 0),
('CONC0316', 'sunflower', '', 'noun', 'WORD0296', 0),
('CONC0317', 'face sun', '', 'verb phrase', 'WORD0297 WORD0294', 0),
('CONC0318', 'sunset', '', 'noun', 'WORD0298', 0),
('CONC0319', 'superman', '', 'noun', 'WORD0299', 0),
('CONC0320', 'surprise', '', 'noun', 'WORD0300', 0),
('CONC0321', 'tooth decay', '', 'noun', 'WORD0301', 0),
('CONC0322', 'swing', 'a suspended seat on which one sits on and swings back and forth', 'noun', 'WORD0302', 0),
('CONC0323', 'tall person', '', 'noun phrase', 'WORD0058 WORD0106', 0),
('CONC0324', 'reach high cabinet', '', 'verb phrase', 'WORD0303 WORD0304 WORD0305', 0),
('CONC0325', 'reach high shelf', '', 'verb phrase', 'WORD0303 WORD0304 WORD0306', 0),
('CONC0326', 'teddy bear', '', 'noun', 'WORD0307', 0),
('CONC0327', 'tire', 'a solid or hollow and inflated rubber covering around a wheel', 'noun', 'WORD0308', 0),
('CONC0328', 'tomato', '', 'noun', 'WORD0309', 0),
('CONC0329', 'toy car', '', 'noun phrase', 'WORD0034 WORD0310', 0),
('CONC0330', 'toy store', '', 'noun phrase', 'WORD0034 WORD0035', 0),
('CONC0331', 'have race', '', 'verb phrase', 'WORD0190 WORD0311', 0),
('CONC0332', 'at toy store', '', 'prepositional phrase', 'WORD0042 WORD0034 WORD0035', 0),
('CONC0334', 'vanilla', 'an ice cream flavor flavored with vanilla extract', 'noun', 'WORD0312', 0),
('CONC0335', 'violet', '', 'adjective', 'WORD0313', 0),
('CONC0336', 'white', '', 'adjective', 'WORD0314', 0),
('CONC0337', 'worm', '', 'noun', 'WORD0315', 0),
('CONC0338', 'yo-yo', 'a spoollike toy that is attached to a string', 'noun', 'WORD0316', 0),
('CONC0339', 'you', '', 'noun', 'WORD0020', 0);

-- --------------------------------------------------------

--
-- Table structure for table `Ontology`
--

CREATE TABLE `Ontology` (
  `StartConcept` varchar(8) NOT NULL,
  `Relation` varchar(20) NOT NULL,
  `EndConcept` varchar(8) NOT NULL
) ENGINE=InnoDB DEFAULT CHARSET=utf8;

--
-- Dumping data for table `Ontology`
--

INSERT INTO `Ontology` (`StartConcept`, `Relation`, `EndConcept`) VALUES
('CONC0001', 'CapableOf', 'CONC0002'),
('CONC0001', 'HasA', 'CONC0003'),
('CONC0004', 'IsA', 'CONC0005'),
('CONC0006', 'HasProperty', 'CONC0007'),
('CONC0006', 'IsA', 'CONC0008'),
('CONC0006', 'IsA', 'CONC0009'),
('CONC0006', 'MadeOf', 'CONC0010'),
('CONC0006', 'ReceivesAction', 'CONC0011'),
('CONC0010', 'AtLocation', 'CONC0012'),
('CONC0010', 'AtLocation', 'CONC0013'),
('CONC0010', 'AtLocation', 'CONC0014'),
('CONC0010', 'HasA', 'CONC0015'),
('CONC0010', 'HasProperty', 'CONC0016'),
('CONC0010', 'HasProperty', 'CONC0017'),
('CONC0010', 'HasProperty', 'CONC0018'),
('CONC0010', 'HasProperty', 'CONC0019'),
('CONC0010', 'HasProperty', 'CONC0020'),
('CONC0010', 'HasProperty', 'CONC0021'),
('CONC0010', 'HasProperty', 'CONC0022'),
('CONC0010', 'HasProperty', 'CONC0023'),
('CONC0010', 'HasProperty', 'CONC0007'),
('CONC0010', 'IsA', 'CONC0024'),
('CONC0010', 'IsA', 'CONC0025'),
('CONC0010', 'ReceivesAction', 'CONC0026'),
('CONC0027', 'IsA', 'CONC0028'),
('CONC0029', 'IsA', 'CONC0024'),
('CONC0030', 'AtLocation', 'CONC0031'),
('CONC0030', 'HasProperty', 'CONC0022'),
('CONC0030', 'IsA', 'CONC0032'),
('CONC0030', 'ReceivesAction', 'CONC0033'),
('CONC0030', 'ReceivesAction', 'CONC0034'),
('CONC0030', 'UsedFor', 'CONC0035'),
('CONC0030', 'UsedFor', 'CONC0036'),
('CONC0037', 'AtLocation', 'CONC0038'),
('CONC0037', 'AtLocation', 'CONC0039'),
('CONC0037', 'AtLocation', 'CONC0040'),
('CONC0037', 'HasProperty', 'CONC0041'),
('CONC0037', 'HasProperty', 'CONC0022'),
('CONC0037', 'IsA', 'CONC0032'),
('CONC0042', 'HasA', 'CONC0043'),
('CONC0042', 'HasA', 'CONC0044'),
('CONC0042', 'IsA', 'CONC0045'),
('CONC0042', 'IsA', 'CONC0024'),
('CONC0043', 'AtLocation', 'CONC0046'),
('CONC0043', 'AtLocation', 'CONC0012'),
('CONC0043', 'HasProperty', 'CONC0017'),
('CONC0043', 'HasProperty', 'CONC0047'),
('CONC0043', 'HasProperty', 'CONC0048'),
('CONC0043', 'IsA', 'CONC0025'),
('CONC0043', 'ReceivesAction', 'CONC0026'),
('CONC0049', 'AtLocation', 'CONC0050'),
('CONC0051', 'HasProperty', 'CONC0052'),
('CONC0053', 'AtLocation', 'CONC0054'),
('CONC0053', 'AtLocation', 'CONC0055'),
('CONC0053', 'IsA', 'CONC0056'),
('CONC0053', 'IsA', 'CONC0057'),
('CONC0058', 'HasProperty', 'CONC0059'),
('CONC0058', 'HasProperty', 'CONC0022'),
('CONC0058', 'IsA', 'CONC0030'),
('CONC0058', 'UsedFor', 'CONC0060'),
('CONC0061', 'CapableOf', 'CONC0002'),
('CONC0061', 'HasA', 'CONC0003'),
('CONC0062', 'HasProperty', 'CONC0022'),
('CONC0063', 'Synonym', 'CONC0064'),
('CONC0065', 'AtLocation', 'CONC0050'),
('CONC0065', 'CapableOf', 'CONC0002'),
('CONC0065', 'HasA', 'CONC0003'),
('CONC0065', 'IsA', 'CONC0005'),
('CONC0066', 'HasProperty', 'CONC0017'),
('CONC0066', 'IsA', 'CONC0024'),
('CONC0067', 'AtLocation', 'CONC0068'),
('CONC0067', 'AtLocation', 'CONC0013'),
('CONC0067', 'AtLocation', 'CONC0014'),
('CONC0067', 'CapableOf', 'CONC0002'),
('CONC0067', 'HasProperty', 'CONC0063'),
('CONC0039', 'HasProperty', 'CONC0035'),
('CONC0039', 'HasSubevent', 'CONC0069'),
('CONC0039', 'HasSubevent', 'CONC0070'),
('CONC0039', 'IsA', 'CONC0040'),
('CONC0071', 'HasProperty', 'CONC0021'),
('CONC0072', 'IsA', 'CONC0073'),
('CONC0074', 'MadeOf', 'CONC0028'),
('CONC0075', 'AtLocation', 'CONC0076'),
('CONC0075', 'IsA', 'CONC0024'),
('CONC0075', 'ReceivesAction', 'CONC0026'),
('CONC0077', 'AtLocation', 'CONC0078'),
('CONC0077', 'AtLocation', 'CONC0079'),
('CONC0077', 'CapableOf', 'CONC0002'),
('CONC0077', 'HasProperty', 'CONC0023'),
('CONC0077', 'Synonym', 'CONC0005'),
('CONC0080', 'HasProperty', 'CONC0048'),
('CONC0080', 'IsA', 'CONC0024'),
('CONC0081', 'CapableOf', 'CONC0002'),
('CONC0081', 'HasA', 'CONC0003'),
('CONC0081', 'HasProperty', 'CONC0041'),
('CONC0081', 'IsA', 'CONC0077'),
('CONC0081', 'IsA', 'CONC0005'),
('CONC0082', 'AtLocation', 'CONC0038'),
('CONC0082', 'AtLocation', 'CONC0039'),
('CONC0082', 'AtLocation', 'CONC0076'),
('CONC0082', 'HasProperty', 'CONC0017'),
('CONC0082', 'HasProperty', 'CONC0007'),
('CONC0082', 'HasProperty', 'CONC0083'),
('CONC0082', 'IsA', 'CONC0024'),
('CONC0084', 'AtLocation', 'CONC0046'),
('CONC0084', 'HasProperty', 'CONC0007'),
('CONC0084', 'IsA', 'CONC0085'),
('CONC0086', 'CapableOf', 'CONC0087'),
('CONC0088', 'AtLocation', 'CONC0046'),
('CONC0088', 'AtLocation', 'CONC0089'),
('CONC0088', 'HasProperty', 'CONC0059'),
('CONC0088', 'IsA', 'CONC0090'),
('CONC0088', 'IsA', 'CONC0091'),
('CONC0092', 'CapableOf', 'CONC0093'),
('CONC0092', 'Desires', 'CONC0024'),
('CONC0094', 'CapableOf', 'CONC0095'),
('CONC0094', 'HasA', 'CONC0096'),
('CONC0094', 'IsA', 'CONC0005'),
('CONC0094', 'RelatedTo', 'CONC0081'),
('CONC0097', 'AtLocation', 'CONC0098'),
('CONC0099', 'AtLocation', 'CONC0046'),
('CONC0100', 'HasProperty', 'CONC0017'),
('CONC0100', 'IsA', 'CONC0024'),
('CONC0101', 'HasProperty', 'CONC0048'),
('CONC0102', 'HasProperty', 'CONC0017'),
('CONC0102', 'HasProperty', 'CONC0083'),
('CONC0102', 'IsA', 'CONC0024'),
('CONC0102', 'ReceivesAction', 'CONC0026'),
('CONC0103', 'CapableOf', 'CONC0093'),
('CONC0103', 'Desires', 'CONC0085'),
('CONC0103', 'Desires', 'CONC0032'),
('CONC0103', 'HasProperty', 'CONC0023'),
('CONC0103', 'InheritsFrom', 'CONC0104'),
('CONC0105', 'IsA', 'CONC0008'),
('CONC0106', 'HasProperty', 'CONC0017'),
('CONC0106', 'HasProperty', 'CONC0007'),
('CONC0106', 'IsA', 'CONC0024'),
('CONC0106', 'IsA', 'CONC0085'),
('CONC0106', 'ReceivesAction', 'CONC0026'),
('CONC0107', 'IsA', 'CONC0108'),
('CONC0109', 'AtLocation', 'CONC0012'),
('CONC0110', 'HasPrerequisite', 'CONC0111'),
('CONC0110', 'HasPrerequisite', 'CONC0112'),
('CONC0110', 'HasProperty', 'CONC0113'),
('CONC0110', 'HasSubevent', 'CONC0114'),
('CONC0093', 'HasSubevent', 'CONC0114'),
('CONC0114', 'AtLocation', 'CONC0014'),
('CONC0114', 'LocationOfAction', 'CONC0115'),
('CONC0116', 'HasProperty', 'CONC0022'),
('CONC0117', 'HasProperty', 'CONC0023'),
('CONC0118', 'IsA', 'CONC0008'),
('CONC0073', 'HasProperty', 'CONC0063'),
('CONC0119', 'IsA', 'CONC0028'),
('CONC0120', 'HasPrerequisite', 'CONC0024'),
('CONC0120', 'HasSubevent', 'CONC0026'),
('CONC0120', 'MotivatedByGoal', 'CONC0026'),
('CONC0121', 'HasProperty', 'CONC0007'),
('CONC0121', 'IsA', 'CONC0024'),
('CONC0121', 'ReceivesAction', 'CONC0026'),
('CONC0122', 'HasProperty', 'CONC0083'),
('CONC0122', 'ReceivesAction', 'CONC0026'),
('CONC0123', 'UsedFor', 'CONC0124'),
('CONC0125', 'IsA', 'CONC0028'),
('CONC0016', 'Synonym', 'CONC0126'),
('CONC0127', 'HasProperty', 'CONC0064'),
('CONC0045', 'HasProperty', 'CONC0007'),
('CONC0045', 'Synonym', 'CONC0085'),
('CONC0128', 'AtLocation', 'CONC0068'),
('CONC0128', 'CapableOf', 'CONC0026'),
('CONC0128', 'HasProperty', 'CONC0023'),
('CONC0128', 'NotCapableOf', 'CONC0093'),
('CONC0129', 'AtLocation', 'CONC0031'),
('CONC0129', 'IsA', 'CONC0032'),
('CONC0130', 'HasProperty', 'CONC0007'),
('CONC0008', 'AtLocation', 'CONC0131'),
('CONC0008', 'ReceivesAction', 'CONC0011'),
('CONC0011', 'MotivatedByGoal', 'CONC0132'),
('CONC0133', 'CapableOf', 'CONC0002'),
('CONC0133', 'HasProperty', 'CONC0048'),
('CONC0134', 'HasProperty', 'CONC0022'),
('CONC0135', 'HasSubevent', 'CONC0026'),
('CONC0135', 'MotivatedByGoal', 'CONC0026'),
('CONC0136', 'HasSubevent', 'CONC0026'),
('CONC0136', 'MotivatedByGoal', 'CONC0026'),
('CONC0137', 'Causes', 'CONC0138'),
('CONC0137', 'Causes', 'CONC0139'),
('CONC0137', 'HasFirstSubevent', 'CONC0140'),
('CONC0137', 'HasPrerequisite', 'CONC0044'),
('CONC0137', 'HasSubevent', 'CONC0141'),
('CONC0137', 'UsedFor', 'CONC0142'),
('CONC0143', 'HasPrerequisite', 'CONC0024'),
('CONC0143', 'HasSubevent', 'CONC0026'),
('CONC0143', 'MotivatedByGoal', 'CONC0026'),
('CONC0144', 'Causes', 'CONC0145'),
('CONC0146', 'MotivatedByGoal', 'CONC0018'),
('CONC0026', 'Causes', 'CONC0147'),
('CONC0026', 'Causes', 'CONC0148'),
('CONC0026', 'Causes', 'CONC0149'),
('CONC0026', 'Causes', 'CONC0150'),
('CONC0026', 'HasLastSubevent', 'CONC0151'),
('CONC0026', 'HasPrerequisite', 'CONC0152'),
('CONC0026', 'HasPrerequisite', 'CONC0153'),
('CONC0026', 'HasSubevent', 'CONC0154'),
('CONC0026', 'HasSubevent', 'CONC0155'),
('CONC0026', 'HasSubevent', 'CONC0156'),
('CONC0026', 'LocationOfAction', 'CONC0157'),
('CONC0026', 'MotivatedByGoal', 'CONC0158'),
('CONC0159', 'AtLocation', 'CONC0076'),
('CONC0159', 'IsA', 'CONC0024'),
('CONC0159', 'ReceivesAction', 'CONC0026'),
('CONC0160', 'PartOf', 'CONC0161'),
('CONC0160', 'RelatedTo', 'CONC0161'),
('CONC0162', 'HasProperty', 'CONC0018'),
('CONC0163', 'IsA', 'CONC0024'),
('CONC0164', 'HasProperty', 'CONC0021'),
('CONC0165', 'HasProperty', 'CONC0021'),
('CONC0166', 'HasProperty', 'CONC0063'),
('CONC0167', 'IsA', 'CONC0024'),
('CONC0168', 'HasProperty', 'CONC0052'),
('CONC0169', 'AtLocation', 'CONC0078'),
('CONC0169', 'AtLocation', 'CONC0050'),
('CONC0169', 'AtLocation', 'CONC0068'),
('CONC0169', 'AtLocation', 'CONC0055'),
('CONC0169', 'CapableOf', 'CONC0170'),
('CONC0169', 'HasProperty', 'CONC0063'),
('CONC0169', 'HasProperty', 'CONC0041'),
('CONC0169', 'HasProperty', 'CONC0171'),
('CONC0169', 'HasProperty', 'CONC0047'),
('CONC0169', 'HasProperty', 'CONC0064'),
('CONC0169', 'PartOf', 'CONC0090'),
('CONC0172', 'AtLocation', 'CONC0173'),
('CONC0172', 'AtLocation', 'CONC0174'),
('CONC0172', 'HasA', 'CONC0003'),
('CONC0172', 'HasProperty', 'CONC0023'),
('CONC0172', 'IsA', 'CONC0077'),
('CONC0172', 'IsA', 'CONC0005'),
('CONC0172', 'LocatedNear', 'CONC0024'),
('CONC0172', 'RelatedTo', 'CONC0175'),
('CONC0024', 'AtLocation', 'CONC0046'),
('CONC0024', 'AtLocation', 'CONC0038'),
('CONC0024', 'AtLocation', 'CONC0176'),
('CONC0024', 'AtLocation', 'CONC0177'),
('CONC0024', 'AtLocation', 'CONC0178'),
('CONC0024', 'AtLocation', 'CONC0179'),
('CONC0024', 'AtLocation', 'CONC0180'),
('CONC0024', 'AtLocation', 'CONC0076'),
('CONC0024', 'AtLocation', 'CONC0157'),
('CONC0024', 'CapableOf', 'CONC0181'),
('CONC0024', 'CapableOf', 'CONC0182'),
('CONC0024', 'CausesDesire', 'CONC0026'),
('CONC0024', 'HasProperty', 'CONC0183'),
('CONC0024', 'ReceivesAction', 'CONC0026'),
('CONC0024', 'ReceivesAction', 'CONC0184'),
('CONC0024', 'ReceivesAction', 'CONC0185'),
('CONC0024', 'UsedFor', 'CONC0186'),
('CONC0024', 'UsedFor', 'CONC0187'),
('CONC0188', 'UsedFor', 'CONC0026'),
('CONC0189', 'AtLocation', 'CONC0038'),
('CONC0025', 'AtLocation', 'CONC0046'),
('CONC0025', 'CapableOf', 'CONC0170'),
('CONC0025', 'HasA', 'CONC0015'),
('CONC0025', 'HasProperty', 'CONC0041'),
('CONC0025', 'HasProperty', 'CONC0017'),
('CONC0025', 'HasProperty', 'CONC0018'),
('CONC0025', 'HasProperty', 'CONC0019'),
('CONC0025', 'HasProperty', 'CONC0083'),
('CONC0025', 'IsA', 'CONC0024'),
('CONC0025', 'ReceivesAction', 'CONC0026'),
('CONC0078', 'AtLocation', 'CONC0068'),
('CONC0078', 'HasA', 'CONC0169'),
('CONC0078', 'HasA', 'CONC0014'),
('CONC0078', 'PartOf', 'CONC0190'),
('CONC0078', 'UsedFor', 'CONC0049'),
('CONC0078', 'UsedFor', 'CONC0191'),
('CONC0192', 'AtLocation', 'CONC0039'),
('CONC0193', 'MotivatedByGoal', 'CONC0024'),
('CONC0152', 'MotivatedByGoal', 'CONC0026'),
('CONC0194', 'HasPrerequisite', 'CONC0114'),
('CONC0195', 'HasPrerequisite', 'CONC0114'),
('CONC0047', 'IsA', 'CONC0073'),
('CONC0191', 'LocationOfAction', 'CONC0078'),
('CONC0196', 'IsA', 'CONC0024'),
('CONC0197', 'IsA', 'CONC0024'),
('CONC0198', 'UsedFor', 'CONC0039'),
('CONC0199', 'HasProperty', 'CONC0021'),
('CONC0200', 'HasProperty', 'CONC0007'),
('CONC0190', 'ConceptuallyRelatedT', 'CONC0087'),
('CONC0187', 'CausesDesire', 'CONC0026'),
('CONC0044', 'AtLocation', 'CONC0046'),
('CONC0044', 'AtLocation', 'CONC0201'),
('CONC0044', 'CapableOf', 'CONC0202'),
('CONC0044', 'HasProperty', 'CONC0203'),
('CONC0044', 'HasProperty', 'CONC0017'),
('CONC0044', 'IsA', 'CONC0045'),
('CONC0044', 'IsA', 'CONC0024'),
('CONC0044', 'MadeOf', 'CONC0025'),
('CONC0044', 'MadeOf', 'CONC0204'),
('CONC0044', 'ReceivesAction', 'CONC0026'),
('CONC0044', 'UsedFor', 'CONC0205'),
('CONC0005', 'AtLocation', 'CONC0079'),
('CONC0005', 'AtLocation', 'CONC0206'),
('CONC0005', 'AtLocation', 'CONC0207'),
('CONC0005', 'HasProperty', 'CONC0023'),
('CONC0005', 'IsA', 'CONC0208'),
('CONC0009', 'AtLocation', 'CONC0076'),
('CONC0009', 'HasProperty', 'CONC0083'),
('CONC0009', 'IsA', 'CONC0008'),
('CONC0009', 'MadeOf', 'CONC0025'),
('CONC0009', 'ReceivesAction', 'CONC0011'),
('CONC0209', 'IsA', 'CONC0024'),
('CONC0210', 'HasProperty', 'CONC0023'),
('CONC0211', 'IsA', 'CONC0077'),
('CONC0211', 'IsA', 'CONC0005'),
('CONC0212', 'IsA', 'CONC0024'),
('CONC0213', 'AtLocation', 'CONC0012'),
('CONC0213', 'HasProperty', 'CONC0047'),
('CONC0214', 'IsA', 'CONC0024'),
('CONC0215', 'AtLocation', 'CONC0076'),
('CONC0216', 'AtLocation', 'CONC0039'),
('CONC0216', 'AtLocation', 'CONC0040'),
('CONC0217', 'AtLocation', 'CONC0076'),
('CONC0218', 'UsedFor', 'CONC0124'),
('CONC0219', 'AtLocation', 'CONC0046'),
('CONC0219', 'AtLocation', 'CONC0076'),
('CONC0219', 'HasProperty', 'CONC0017'),
('CONC0219', 'IsA', 'CONC0024'),
('CONC0219', 'ReceivesAction', 'CONC0026'),
('CONC0204', 'AtLocation', 'CONC0046'),
('CONC0220', 'UsedFor', 'CONC0028'),
('CONC0221', 'AtLocation', 'CONC0222'),
('CONC0221', 'AtLocation', 'CONC0012'),
('CONC0221', 'AtLocation', 'CONC0079'),
('CONC0221', 'AtLocation', 'CONC0013'),
('CONC0221', 'AtLocation', 'CONC0223'),
('CONC0221', 'CapableOf', 'CONC0114'),
('CONC0221', 'Desires', 'CONC0043'),
('CONC0221', 'HasA', 'CONC0224'),
('CONC0221', 'HasProperty', 'CONC0225'),
('CONC0221', 'IsA', 'CONC0208'),
('CONC0226', 'HasProperty', 'CONC0022'),
('CONC0226', 'HasProperty', 'CONC0048'),
('CONC0227', 'IsA', 'CONC0005'),
('CONC0115', 'HasProperty', 'CONC0052'),
('CONC0228', 'AtLocation', 'CONC0038'),
('CONC0228', 'HasProperty', 'CONC0063'),
('CONC0228', 'HasProperty', 'CONC0064'),
('CONC0229', 'AtLocation', 'CONC0012'),
('CONC0230', 'HasProperty', 'CONC0063'),
('CONC0231', 'ReceivesAction', 'CONC0026'),
('CONC0232', 'HasProperty', 'CONC0063'),
('CONC0233', 'IsA', 'CONC0008'),
('CONC0233', 'IsA', 'CONC0009'),
('CONC0233', 'MadeOf', 'CONC0234'),
('CONC0233', 'ReceivesAction', 'CONC0011'),
('CONC0059', 'IsA', 'CONC0073'),
('CONC0234', 'HasA', 'CONC0015'),
('CONC0234', 'HasProperty', 'CONC0019'),
('CONC0234', 'HasProperty', 'CONC0020'),
('CONC0234', 'HasProperty', 'CONC0059'),
('CONC0234', 'HasProperty', 'CONC0007'),
('CONC0234', 'HasProperty', 'CONC0083'),
('CONC0234', 'IsA', 'CONC0025'),
('CONC0235', 'HasA', 'CONC0073'),
('CONC0028', 'AtLocation', 'CONC0236'),
('CONC0028', 'AtLocation', 'CONC0237'),
('CONC0028', 'MadeOf', 'CONC0014'),
('CONC0028', 'MadeOf', 'CONC0238'),
('CONC0028', 'UsedFor', 'CONC0239'),
('CONC0028', 'UsedFor', 'CONC0240'),
('CONC0055', 'HasA', 'CONC0078'),
('CONC0055', 'HasA', 'CONC0241'),
('CONC0040', 'AtLocation', 'CONC0242'),
('CONC0040', 'CausesDesire', 'CONC0243'),
('CONC0040', 'HasA', 'CONC0082'),
('CONC0040', 'HasA', 'CONC0189'),
('CONC0040', 'HasA', 'CONC0192'),
('CONC0040', 'HasProperty', 'CONC0035'),
('CONC0040', 'HasSubevent', 'CONC0070'),
('CONC0040', 'IsA', 'CONC0244'),
('CONC0040', 'RelatedTo', 'CONC0039'),
('CONC0040', 'UsedFor', 'CONC0245'),
('CONC0040', 'UsedFor', 'CONC0246'),
('CONC0247', 'RelatedTo', 'CONC0161'),
('CONC0161', 'AtLocation', 'CONC0248'),
('CONC0161', 'AtLocation', 'CONC0249'),
('CONC0161', 'AtLocation', 'CONC0250'),
('CONC0161', 'AtLocation', 'CONC0251'),
('CONC0161', 'AtLocation', 'CONC0252'),
('CONC0161', 'CapableOf', 'CONC0253'),
('CONC0161', 'MadeOf', 'CONC0014'),
('CONC0161', 'MadeOf', 'CONC0238'),
('CONC0161', 'RelatedTo', 'CONC0254'),
('CONC0161', 'UsedFor', 'CONC0239'),
('CONC0161', 'UsedFor', 'CONC0255'),
('CONC0161', 'UsedFor', 'CONC0240'),
('CONC0256', 'AtLocation', 'CONC0076'),
('CONC0104', 'CapableOf', 'CONC0026'),
('CONC0104', 'Desires', 'CONC0137'),
('CONC0104', 'Desires', 'CONC0024'),
('CONC0104', 'Desires', 'CONC0085'),
('CONC0104', 'NotCapableOf', 'CONC0002'),
('CONC0104', 'NotHasA', 'CONC0003'),
('CONC0257', 'HasA', 'CONC0073'),
('CONC0258', 'IsA', 'CONC0009'),
('CONC0258', 'MadeOf', 'CONC0259'),
('CONC0259', 'AtLocation', 'CONC0076'),
('CONC0259', 'IsA', 'CONC0025'),
('CONC0260', 'IsA', 'CONC0073'),
('CONC0261', 'IsA', 'CONC0024'),
('CONC0090', 'AtLocation', 'CONC0262'),
('CONC0090', 'AtLocation', 'CONC0078'),
('CONC0090', 'AtLocation', 'CONC0263'),
('CONC0090', 'CapableOf', 'CONC0264'),
('CONC0090', 'DefinedAs', 'CONC0265'),
('CONC0090', 'Desires', 'CONC0266'),
('CONC0090', 'Desires', 'CONC0267'),
('CONC0090', 'Desires', 'CONC0268'),
('CONC0090', 'HasA', 'CONC0169'),
('CONC0090', 'HasProperty', 'CONC0047'),
('CONC0090', 'NotIsA', 'CONC0208'),
('CONC0060', 'MotivatedByGoal', 'CONC0035'),
('CONC0269', 'LocationOfAction', 'CONC0055'),
('CONC0241', 'AtLocation', 'CONC0262'),
('CONC0270', 'HasProperty', 'CONC0083'),
('CONC0271', 'AtLocation', 'CONC0076'),
('CONC0064', 'Synonym', 'CONC0063'),
('CONC0272', 'AtLocation', 'CONC0098'),
('CONC0272', 'Desires', 'CONC0088'),
('CONC0273', 'HasA', 'CONC0073'),
('CONC0021', 'DefinedAs', 'CONC0274'),
('CONC0021', 'DefinedAs', 'CONC0275'),
('CONC0021', 'IsA', 'CONC0073'),
('CONC0021', 'SymbolOf', 'CONC0276'),
('CONC0021', 'SymbolOf', 'CONC0071'),
('CONC0021', 'SymbolOf', 'CONC0277'),
('CONC0021', 'SymbolOf', 'CONC0278'),
('CONC0076', 'AtLocation', 'CONC0279'),
('CONC0076', 'AtLocation', 'CONC0280'),
('CONC0076', 'CapableOf', 'CONC0281'),
('CONC0076', 'UsedFor', 'CONC0282'),
('CONC0076', 'UsedFor', 'CONC0283'),
('CONC0284', 'AtLocation', 'CONC0046'),
('CONC0284', 'HasProperty', 'CONC0023'),
('CONC0284', 'IsA', 'CONC0024'),
('CONC0285', 'AtLocation', 'CONC0078'),
('CONC0285', 'CapableOf', 'CONC0286'),
('CONC0285', 'CapableOf', 'CONC0170'),
('CONC0285', 'HasA', 'CONC0287'),
('CONC0285', 'HasProperty', 'CONC0021'),
('CONC0285', 'HasProperty', 'CONC0048'),
('CONC0285', 'IsA', 'CONC0169'),
('CONC0285', 'IsA', 'CONC0090'),
('CONC0285', 'SymbolOf', 'CONC0278'),
('CONC0022', 'IsA', 'CONC0288'),
('CONC0022', 'RelatedTo', 'CONC0289'),
('CONC0290', 'HasProperty', 'CONC0048'),
('CONC0290', 'IsA', 'CONC0032'),
('CONC0291', 'AtLocation', 'CONC0068'),
('CONC0291', 'AtLocation', 'CONC0055'),
('CONC0292', 'IsA', 'CONC0024'),
('CONC0293', 'HasProperty', 'CONC0063'),
('CONC0293', 'HasProperty', 'CONC0064'),
('CONC0015', 'CapableOf', 'CONC0294'),
('CONC0015', 'CapableOf', 'CONC0295'),
('CONC0015', 'IsA', 'CONC0296'),
('CONC0015', 'PartOf', 'CONC0010'),
('CONC0015', 'PartOf', 'CONC0025'),
('CONC0015', 'PartOf', 'CONC0234'),
('CONC0015', 'PartOf', 'CONC0090'),
('CONC0015', 'UsedFor', 'CONC0297'),
('CONC0298', 'AtLocation', 'CONC0055'),
('CONC0023', 'Antonym', 'CONC0299'),
('CONC0300', 'AtLocation', 'CONC0038'),
('CONC0300', 'IsA', 'CONC0024'),
('CONC0301', 'HasProperty', 'CONC0171'),
('CONC0302', 'NotHasProperty', 'CONC0018'),
('CONC0303', 'IsA', 'CONC0008'),
('CONC0304', 'AtLocation', 'CONC0046'),
('CONC0304', 'HasProperty', 'CONC0017'),
('CONC0304', 'IsA', 'CONC0024'),
('CONC0305', 'HasProperty', 'CONC0021'),
('CONC0306', 'IsA', 'CONC0005'),
('CONC0307', 'UsedFor', 'CONC0026'),
('CONC0308', 'HasProperty', 'CONC0063'),
('CONC0308', 'HasProperty', 'CONC0023'),
('CONC0309', 'UsedFor', 'CONC0087'),
('CONC0310', 'HasProperty', 'CONC0021'),
('CONC0311', 'HasProperty', 'CONC0021'),
('CONC0311', 'IsA', 'CONC0025'),
('CONC0312', 'IsA', 'CONC0108'),
('CONC0313', 'CausesDesire', 'CONC0137'),
('CONC0314', 'HasProperty', 'CONC0022'),
('CONC0314', 'HasProperty', 'CONC0048'),
('CONC0315', 'MadeOf', 'CONC0044'),
('CONC0316', 'CapableOf', 'CONC0317'),
('CONC0316', 'HasProperty', 'CONC0048'),
('CONC0316', 'IsA', 'CONC0169'),
('CONC0318', 'HasProperty', 'CONC0063'),
('CONC0318', 'HasProperty', 'CONC0064'),
('CONC0319', 'CapableOf', 'CONC0002'),
('CONC0320', 'UsedFor', 'CONC0039'),
('CONC0085', 'Causes', 'CONC0321'),
('CONC0085', 'ReceivesAction', 'CONC0026'),
('CONC0322', 'AtLocation', 'CONC0262'),
('CONC0322', 'AtLocation', 'CONC0055'),
('CONC0323', 'CapableOf', 'CONC0324'),
('CONC0323', 'CapableOf', 'CONC0325'),
('CONC0323', 'HasProperty', 'CONC0052'),
('CONC0326', 'IsA', 'CONC0032'),
('CONC0287', 'PartOf', 'CONC0285'),
('CONC0287', 'RelatedTo', 'CONC0285'),
('CONC0327', 'HasProperty', 'CONC0022'),
('CONC0328', 'HasProperty', 'CONC0021'),
('CONC0329', 'AtLocation', 'CONC0330'),
('CONC0329', 'IsA', 'CONC0032'),
('CONC0329', 'ReceivesAction', 'CONC0269'),
('CONC0329', 'UsedFor', 'CONC0331'),
('CONC0032', 'AtLocation', 'CONC0332'),
('CONC0032', 'HasProperty', 'CONC0041'),
('CONC0032', 'HasProperty', 'CONC0041'),
('CONC0032', 'HasProperty', 'CONC0035'),
('CONC0032', 'ReceivesAction', 'CONC0269'),
('CONC0032', 'UsedFor', 'CONC0269'),
('CONC0014', 'AtLocation', 'CONC0262'),
('CONC0014', 'AtLocation', 'CONC0078'),
('CONC0014', 'AtLocation', 'CONC0050'),
('CONC0014', 'AtLocation', 'CONC0098'),
('CONC0014', 'AtLocation', 'CONC0068'),
('CONC0014', 'HasA', 'CONC0025'),
('CONC0014', 'HasProperty', 'CONC0047'),
('CONC0014', 'HasProperty', 'CONC0052'),
('CONC0014', 'ReceivesAction', 'CONC0114'),
('CONC0014', 'UsedFor', 'CONC0087'),
('CONC0014', 'UsedFor', 'CONC0028'),
('CONC0334', 'IsA', 'CONC0108'),
('CONC0091', 'AtLocation', 'CONC0046'),
('CONC0091', 'HasProperty', 'CONC0018'),
('CONC0091', 'HasProperty', 'CONC0047'),
('CONC0091', 'IsA', 'CONC0024'),
('CONC0335', 'IsA', 'CONC0073'),
('CONC0268', 'IsA', 'CONC0008'),
('CONC0268', 'ReceivesAction', 'CONC0011'),
('CONC0336', 'IsA', 'CONC0073'),
('CONC0003', 'PartOf', 'CONC0001'),
('CONC0003', 'PartOf', 'CONC0061'),
('CONC0003', 'PartOf', 'CONC0067'),
('CONC0003', 'PartOf', 'CONC0081'),
('CONC0003', 'UsedFor', 'CONC0002'),
('CONC0238', 'UsedFor', 'CONC0087'),
('CONC0238', 'UsedFor', 'CONC0028'),
('CONC0337', 'IsA', 'CONC0005'),
('CONC0048', 'DefinedAs', 'CONC0275'),
('CONC0048', 'IsA', 'CONC0073'),
('CONC0338', 'IsA', 'CONC0032');

-- --------------------------------------------------------

--
-- Table structure for table `Words`
--

CREATE TABLE `Words` (
  `WordID` varchar(8) NOT NULL,
  `WordString` varchar(20) NOT NULL,
  `PartOfSpeech` varchar(9) NOT NULL,
  PRIMARY KEY (`WordID`),
  UNIQUE KEY `WordID` (`WordID`)
) ENGINE=InnoDB DEFAULT CHARSET=utf8;

--
-- Dumping data for table `Words`
--

INSERT INTO `Words` (`WordID`, `WordString`, `PartOfSpeech`) VALUES
('WORD0001', 'airplane', 'noun'),
('WORD0002', 'fly', 'verb'),
('WORD0003', 'wing', 'noun'),
('WORD0004', 'ant', 'noun'),
('WORD0005', 'insect', 'noun'),
('WORD0006', 'apple', 'noun'),
('WORD0007', 'juice', 'noun'),
('WORD0008', 'sweet', 'adjective'),
('WORD0009', 'drink', 'noun'),
('WORD0010', 'drink', 'verb'),
('WORD0011', 'hang', 'verb'),
('WORD0012', 'from', 'prepositi'),
('WORD0013', 'tree', 'noun'),
('WORD0014', 'in', 'prepositi'),
('WORD0015', 'seed', 'noun'),
('WORD0016', 'crunchy', 'adjective'),
('WORD0017', 'delicious', 'noun'),
('WORD0018', 'good', 'adjective'),
('WORD0019', 'for', 'prepositi'),
('WORD0020', 'you', 'noun'),
('WORD0021', 'to', 'particle'),
('WORD0022', 'eat', 'verb'),
('WORD0023', 'to', 'prepositi'),
('WORD0024', 'juicy', 'adjective'),
('WORD0025', 'red', 'adjective'),
('WORD0026', 'round', 'adjective'),
('WORD0027', 'small', 'adjective'),
('WORD0028', 'food', 'noun'),
('WORD0029', 'fruit', 'noun'),
('WORD0030', 'art paper', 'noun'),
('WORD0031', 'paper', 'noun'),
('WORD0032', 'bacon', 'noun'),
('WORD0033', 'ball', 'noun'),
('WORD0034', 'toy', 'noun'),
('WORD0035', 'store', 'noun'),
('WORD0036', 'catch', 'verb'),
('WORD0037', 'chase', 'verb'),
('WORD0038', 'fun', 'adjective'),
('WORD0039', 'play', 'verb'),
('WORD0040', 'game', 'noun'),
('WORD0041', 'balloon', 'noun'),
('WORD0042', 'at', 'prepositi'),
('WORD0043', 'party', 'noun'),
('WORD0044', 'birthday', 'noun'),
('WORD0045', 'colorful', 'adjective'),
('WORD0046', 'banana split', 'noun'),
('WORD0047', 'banana', 'noun'),
('WORD0048', 'ice cream', 'noun'),
('WORD0049', 'dessert', 'noun'),
('WORD0050', 'grocery', 'noun'),
('WORD0051', 'delicious', 'adjective'),
('WORD0052', 'green', 'adjective'),
('WORD0053', 'yellow', 'adjective'),
('WORD0054', 'barbecue', 'noun'),
('WORD0055', 'garden', 'noun'),
('WORD0056', 'basketball', 'noun'),
('WORD0057', 'player', 'noun'),
('WORD0058', 'tall', 'adjective'),
('WORD0059', 'gym', 'noun'),
('WORD0060', 'park', 'noun'),
('WORD0061', 'sport', 'noun'),
('WORD0062', 'orange', 'adjective'),
('WORD0063', 'bat', 'noun'),
('WORD0064', 'beach ball', 'noun'),
('WORD0065', 'beautiful', 'adjective'),
('WORD0066', 'pretty', 'adjective'),
('WORD0067', 'bee', 'noun'),
('WORD0068', 'beef', 'noun'),
('WORD0069', 'bird', 'noun'),
('WORD0070', 'blow', 'verb'),
('WORD0071', 'candle', 'noun'),
('WORD0072', 'cake', 'noun'),
('WORD0073', 'blood', 'noun'),
('WORD0074', 'blue', 'adjective'),
('WORD0075', 'color', 'noun'),
('WORD0076', 'book', 'noun'),
('WORD0077', 'bread', 'noun'),
('WORD0078', 'refrigerator', 'noun'),
('WORD0079', 'bug', 'noun'),
('WORD0080', 'forest', 'noun'),
('WORD0081', 'butter', 'noun'),
('WORD0082', 'butterfly', 'noun'),
('WORD0083', 'tasty', 'adjective'),
('WORD0084', 'candy', 'noun'),
('WORD0085', 'sweet', 'noun'),
('WORD0086', 'carpenter', 'noun'),
('WORD0087', 'build', 'verb'),
('WORD0088', 'house', 'noun'),
('WORD0089', 'carrot', 'noun'),
('WORD0090', 'supermarket', 'noun'),
('WORD0091', 'plant', 'noun'),
('WORD0092', 'vegetable', 'noun'),
('WORD0093', 'cat', 'noun'),
('WORD0094', 'climb', 'verb'),
('WORD0095', 'caterpillar', 'noun'),
('WORD0096', 'become', 'verb'),
('WORD0098', 'leg', 'noun'),
('WORD0099', 'cave', 'noun'),
('WORD0100', 'mountain', 'noun'),
('WORD0101', 'cereal', 'noun'),
('WORD0102', 'cheese', 'noun'),
('WORD0103', 'chick', 'noun'),
('WORD0104', 'chicken', 'noun'),
('WORD0105', 'child', 'noun'),
('WORD0106', 'person', 'noun'),
('WORD0107', 'chocolate milk', 'noun'),
('WORD0108', 'chocolate', 'noun'),
('WORD0109', 'flavor', 'noun'),
('WORD0110', 'christmas ornament', 'noun'),
('WORD0111', 'be', 'verb'),
('WORD0112', 'careful', 'adjective'),
('WORD0113', 'brave', 'adjective'),
('WORD0114', 'dangerous', 'adjective'),
('WORD0115', 'clock', 'noun'),
('WORD0116', 'coin', 'noun'),
('WORD0117', 'coke', 'noun'),
('WORD0118', 'construction paper', 'noun'),
('WORD0119', 'cook', 'verb'),
('WORD0120', 'cookie', 'noun'),
('WORD0121', 'corn', 'noun'),
('WORD0122', 'crayon', 'noun'),
('WORD0123', 'color', 'verb'),
('WORD0124', 'crepe paper', 'noun'),
('WORD0125', 'crispy', 'adjective'),
('WORD0126', 'daisy', 'noun'),
('WORD0127', 'dog', 'noun'),
('WORD0128', 'doll', 'noun'),
('WORD0129', 'donut', 'noun'),
('WORD0130', 'dinner', 'noun'),
('WORD0131', 'thirsty', 'adjective'),
('WORD0132', 'duck', 'noun'),
('WORD0133', 'earth', 'noun'),
('WORD0134', 'breakfast', 'noun'),
('WORD0135', 'cold', 'noun'),
('WORD0136', 'happiness', 'noun'),
('WORD0137', 'lick', 'verb'),
('WORD0138', 'smile', 'verb'),
('WORD0139', 'cool off', 'verb'),
('WORD0140', 'lunch', 'noun'),
('WORD0141', 'feel', 'verb'),
('WORD0142', 'happy', 'adjective'),
('WORD0143', 'full', 'adjective'),
('WORD0144', 'sleepy', 'adjective'),
('WORD0145', 'brush', 'verb'),
('WORD0146', 'tooth', 'noun'),
('WORD0147', 'go', 'verb'),
('WORD0148', 'restaurant', 'noun'),
('WORD0149', 'wash', 'verb'),
('WORD0150', 'hand', 'noun'),
('WORD0151', 'chew', 'verb'),
('WORD0152', 'water', 'noun'),
('WORD0153', 'hungry', 'adjective'),
('WORD0154', 'egg', 'noun'),
('WORD0155', 'eraser', 'noun'),
('WORD0156', 'pencil', 'noun'),
('WORD0157', 'exercise', 'noun'),
('WORD0158', 'fast food', 'noun'),
('WORD0159', 'fire truck', 'noun'),
('WORD0160', 'fire', 'noun'),
('WORD0161', 'firework', 'noun'),
('WORD0162', 'fish', 'noun'),
('WORD0163', 'flagpole', 'noun'),
('WORD0164', 'flower', 'noun'),
('WORD0165', 'come', 'verb'),
('WORD0166', 'many', 'adjective'),
('WORD0167', 'fragrant', 'adjective'),
('WORD0168', 'fly', 'noun'),
('WORD0169', 'garbage', 'noun'),
('WORD0170', 'sky', 'noun'),
('WORD0171', 'mall', 'noun'),
('WORD0172', 'get rid of', 'verb'),
('WORD0173', 'hunger', 'noun'),
('WORD0174', 'rot', 'verb'),
('WORD0175', 'yummy', 'adjective'),
('WORD0176', 'grill', 'verb'),
('WORD0177', 'serve', 'verb'),
('WORD0178', 'on', 'prepositi'),
('WORD0179', 'plate', 'noun'),
('WORD0180', 'fill up', 'verb'),
('WORD0181', 'stomach', 'noun'),
('WORD0182', 'fork', 'noun'),
('WORD0183', 'friend', 'noun'),
('WORD0184', 'grow', 'verb'),
('WORD0185', 'gift', 'noun'),
('WORD0186', 'market', 'noun'),
('WORD0187', 'up', 'adjective'),
('WORD0188', 'ham', 'noun'),
('WORD0189', 'hamburger', 'noun'),
('WORD0190', 'have', 'verb'),
('WORD0191', 'over', 'prepositi'),
('WORD0192', 'heart', 'noun'),
('WORD0193', 'hot chocolate', 'noun'),
('WORD0194', 'freezer', 'noun'),
('WORD0195', 'melt', 'verb'),
('WORD0196', 'cold', 'adjective'),
('WORD0197', 'milk', 'noun'),
('WORD0198', 'sore throat', 'noun'),
('WORD0199', 'pond', 'noun'),
('WORD0200', 'leaf', 'noun'),
('WORD0201', 'small', 'noun'),
('WORD0202', 'animal', 'noun'),
('WORD0203', 'junk food', 'noun'),
('WORD0204', 'kitten', 'noun'),
('WORD0205', 'ladybug', 'noun'),
('WORD0206', 'lasagna', 'noun'),
('WORD0207', 'leftover', 'noun'),
('WORD0208', 'lettuce', 'noun'),
('WORD0209', 'magician', 'noun'),
('WORD0210', 'magnet', 'noun'),
('WORD0211', 'marker', 'noun'),
('WORD0212', 'meat', 'noun'),
('WORD0213', 'money', 'noun'),
('WORD0214', 'monkey', 'noun'),
('WORD0215', 'zoo', 'noun'),
('WORD0216', 'long', 'adjective'),
('WORD0217', 'tail', 'noun'),
('WORD0218', 'funny', 'adjective'),
('WORD0219', 'moon', 'noun'),
('WORD0220', 'mosquito', 'noun'),
('WORD0221', 'music', 'noun'),
('WORD0222', 'nest', 'noun'),
('WORD0223', 'night', 'noun'),
('WORD0224', 'noodle', 'noun'),
('WORD0225', 'ocean', 'noun'),
('WORD0226', 'orange', 'noun'),
('WORD0227', 'paint', 'noun'),
('WORD0228', 'notebook', 'noun'),
('WORD0229', 'wood', 'noun'),
('WORD0230', 'draw', 'verb'),
('WORD0231', 'write', 'verb'),
('WORD0232', 'playground', 'noun'),
('WORD0233', 'dress', 'verb'),
('WORD0234', 'nice', 'adverb'),
('WORD0235', 'present', 'noun'),
('WORD0236', 'celebration', 'noun'),
('WORD0237', 'celebrate', 'verb'),
('WORD0238', 'pencil sharpener', 'noun'),
('WORD0239', 'school', 'noun'),
('WORD0240', 'desk', 'noun'),
('WORD0241', 'case', 'noun'),
('WORD0242', 'break', 'verb'),
('WORD0243', 'pen', 'noun'),
('WORD0244', 'note', 'noun'),
('WORD0245', 'pepsi', 'noun'),
('WORD0246', 'picture', 'noun'),
('WORD0247', 'pineapple', 'noun'),
('WORD0248', 'pink', 'adjective'),
('WORD0249', 'pizza', 'noun'),
('WORD0250', 'pot', 'noun'),
('WORD0251', 'soil', 'noun'),
('WORD0252', 'sunlight', 'noun'),
('WORD0253', 'popcorn', 'noun'),
('WORD0254', 'pork', 'noun'),
('WORD0255', 'rabbit', 'noun'),
('WORD0256', 'rainbow', 'noun'),
('WORD0257', 'of', 'prepositi'),
('WORD0258', 'love', 'noun'),
('WORD0259', 'primary color', 'noun'),
('WORD0260', 'anger', 'noun'),
('WORD0261', 'danger', 'noun'),
('WORD0262', 'kitchen', 'noun'),
('WORD0263', 'use', 'verb'),
('WORD0264', 'electricity', 'noun'),
('WORD0265', 'keep', 'verb'),
('WORD0266', 'cool', 'adjective'),
('WORD0267', 'rice', 'noun'),
('WORD0268', 'rose', 'noun'),
('WORD0269', 'attract', 'verb'),
('WORD0270', 'thorn', 'noun'),
('WORD0271', 'shape', 'noun'),
('WORD0272', 'circle', 'noun'),
('WORD0273', 'rubber duck', 'noun'),
('WORD0274', 'sandbox', 'noun'),
('WORD0275', 'sausage', 'noun'),
('WORD0276', 'seashell', 'noun'),
('WORD0277', 'into', 'prepositi'),
('WORD0278', 'slide', 'noun'),
('WORD0279', 'large', 'adjective'),
('WORD0280', 'snack', 'noun'),
('WORD0281', 'soap', 'noun'),
('WORD0282', 'soda', 'noun'),
('WORD0283', 'soft drink', 'noun'),
('WORD0284', 'soup', 'noun'),
('WORD0285', 'spaghetti', 'noun'),
('WORD0286', 'sauce', 'noun'),
('WORD0287', 'spider', 'noun'),
('WORD0288', 'spoon', 'noun'),
('WORD0289', 'star', 'noun'),
('WORD0290', 'stone', 'noun'),
('WORD0291', 'stop sign', 'noun'),
('WORD0292', 'strawberry', 'noun'),
('WORD0293', 'summer', 'noun'),
('WORD0294', 'sun', 'noun'),
('WORD0295', 'sundae', 'noun'),
('WORD0296', 'sunflower', 'noun'),
('WORD0297', 'face', 'verb'),
('WORD0298', 'sunset', 'noun'),
('WORD0299', 'superman', 'noun'),
('WORD0300', 'surprise', 'noun'),
('WORD0301', 'tooth decay', 'noun'),
('WORD0302', 'swing', 'noun'),
('WORD0303', 'reach', 'verb'),
('WORD0304', 'high', 'adjective'),
('WORD0305', 'cabinet', 'noun'),
('WORD0306', 'shelf', 'noun'),
('WORD0307', 'teddy bear', 'noun'),
('WORD0308', 'tire', 'noun'),
('WORD0309', 'tomato', 'noun'),
('WORD0310', 'car', 'noun'),
('WORD0311', 'race', 'noun'),
('WORD0312', 'vanilla', 'noun'),
('WORD0313', 'violet', 'adjective'),
('WORD0314', 'white', 'adjective'),
('WORD0315', 'worm', 'noun'),
('WORD0316', 'yo-yo', 'noun');
--
-- Database: `DialogueLexicon`
--
CREATE DATABASE `DialogueLexicon` DEFAULT CHARACTER SET utf8 COLLATE utf8_general_ci;
USE `DialogueLexicon`;

-- --------------------------------------------------------

--
-- Table structure for table `QuestionTemplates`
--

CREATE TABLE `QuestionTemplates` (
  `Relation` varchar(20) NOT NULL,
  `Direction` int(2) NOT NULL DEFAULT '0',
  `HasYesNoFormat` tinyint(1) NOT NULL DEFAULT '0',
  `QuestionTemplate` varchar(300) NOT NULL DEFAULT ''
) ENGINE=InnoDB DEFAULT CHARSET=utf8;

--
-- Dumping data for table `QuestionTemplates`
--

INSERT INTO `QuestionTemplates` (`Relation`, `Direction`, `HasYesNoFormat`, `QuestionTemplate`) VALUES
('AtLocation', 1, 0, 'Where else can you find <QuestionKeyword>?'),
('AtLocation', 0, 1, 'Did you know that you can also find <StartConcept> at <EndConcept>?'),
('IsRelatedTo', 0, 0, 'What else do you know about <QuestionKeyword>?'),
('UsedFor', -1, 0, 'What else can you use <QuestionKeyword>?'),
('UsedFor', 1, 0, 'What else can <QuestionKeyword> be used for?'),
('UsedFor', 0, 1, 'Did you know that you can use <StartConcept> for <EndConcept>?\n'),
('HasA', 0, 1, 'Did you know that <StartConcept> has <EndConcept>?'),
('HasA', -1, 0, 'What else has <QuestionKeyword>?'),
('HasA', 1, 0, 'What else does <QuestionKeyword> have?'),
('CapableOf', -1, 0, 'What else can <QuestionKeyword>?'),
('CapableOf', 1, 0, 'What else can <QuestionKeyword> do?'),
('CapableOf', 0, 1, 'Did you know that <StartConcept> can <EndConcept>?'),
('Desires', -1, 0, 'What else do you think likes <QuestionKeyword>?'),
('Desires', 1, 0, 'What else does <QuestionKeyword> like?'),
('Desires', 0, 1, 'Did you know that <StartConcept> likes <EndConcept>?\n'),
('PartOf', -1, 0, 'What else is a part of <QuestionKeyword>?'),
('PartOf', 1, 0, 'What else is <QuestionKeyword> part of?'),
('PartOf', 0, 1, 'Did you know that <StartConcept> is a part of <EndConcept>?'),
('Causes', -1, 0, 'What else do you think causes <QuestionKeyword>?'),
('Causes', 1, 0, 'What else can <QuestionKeyword> cause?'),
('Causes', 0, 1, 'Did you know that <StartConcept> causes <EndConcept>?'),
('AtLocation', -1, 0, 'What else can you can find at <QuestionKeyword>?'),
('HasProperty', -1, 0, 'What else is <QuestionKeyword>?'),
('HasProperty', 1, 0, 'How else can you describe <QuestionKeyword>?'),
('HasProperty', 0, 1, 'Did you know that <StartConcept> is <EndConcept>?'),
('LocationOfAction', -1, 0, 'What else can you do in <QuestionKeyword>?'),
('LocationOfAction', 1, 0, 'Where else can <DoerOfQuestionKeyword> <QuestionKeyword>?'),
('LocationOfAction', 0, 1, 'Did you know that <DoerOfStartConcept> can <StartConcept> in <EndConcept>?'),
('SymbolOf', -1, 0, 'What else represents <QuestionKeyword>?'),
('SymbolOf', 1, 0, 'What else is represented with <QuestionKeyword>?'),
('SymbolOf', 0, 1, 'Did you know that <StartConcept> represents <EndConcept>?'),
('ReceivesAction', -1, 0, 'What else can you <QuestionKeyword>?'),
('ReceivesAction', 1, 0, 'What else can you do with <QuestionKeyword>?'),
('ReceivesAction', 0, 1, 'Did you know that you can <EndConcept \n<StartConcept>?'),
('MadeOf', -1, 0, 'What else is made of <QuestionKeyword>?'),
('MadeOf', 1, 0, 'What else is <QuestionKeyword> made of?'),
('MadeOf', 0, 1, 'Did you know that <StartConcept> is made of <EndConcept>?'),
('Synonym', -1, 0, 'What else do you think means the same as <QuestionKey>?'),
('Synonym', 1, 0, 'What else do you think means the same as <QuestionKey>?'),
('Synonym', 0, 1, 'Did you know that <StartConcept> means the same as <EndConcept>?'),
('Antonym', -1, 0, 'What do you think is also the opposite of <QuestionKey>?'),
('Antonym', 1, 0, 'What do you think is also the opposite of <QuestionKey>?'),
('Antonym', 0, 1, 'Did you know that <StartConcept> is the opposite of <EndConcept>?'),
('IsA', -1, 0, 'What is another kind of <QuestionKeyword>?'),
('IsA', 1, 0, 'What else is <QuestionKeyword> a kind of?'),
('IsA', 0, 1, 'Did you know that <StartConcept> is a kind of <EndConcept>?'),
('DefinedAs', -1, 0, 'What else means <QuestionKeyword>?'),
('DefinedAs', 1, 0, 'What is another meaning for <QuestionKeyword>?'),
('DefinedAs', 0, 1, 'Did you know that <StartConcept> means <EndConcept>?'),
('LocatedNear', -1, 0, 'What else can you find near <QuestionKeyword>?'),
('LocatedNear', 1, 0, 'What other place is near <QuestionKeyword>?'),
('LocatedNear', 0, 1, 'Did you know that you can find <StartConcept> near <EndConcept>?');

-- --------------------------------------------------------

--
-- Table structure for table `SentenceTemplates`
--

CREATE TABLE `SentenceTemplates` (
  `Relation` varchar(20) NOT NULL,
  `SentenceTemplate` varchar(300) NOT NULL DEFAULT '',
  PRIMARY KEY (`Relation`)
) ENGINE=InnoDB DEFAULT CHARSET=utf8;

--
-- Dumping data for table `SentenceTemplates`
--

INSERT INTO `SentenceTemplates` (`Relation`, `SentenceTemplate`) VALUES
('Antonym', '<StartConcept> is the opposite of <EndConcept>.'),
('AtLocation', 'You can find <StartConcept> at <EndConcept>.'),
('CapableOf', '<StartConcept> can <EndConcept>.'),
('Causes', '<StartConcept> causes <EndConcept>.'),
('CausesDesire', '<StartConcept> makes <DoerOfEndConcept> want <EndConcept>.'),
('DefinedAs', '<StartConcept> is <EndConcept>.'),
('Desires', '<StartConcept> likes <EndConcept>.'),
('HasA', '<StartConcept> has <EndConcept>.'),
('HasFirstSubevent', 'The first thing <DoerOfStartConcept> does when <DoerOfStartConcept> <StartConcept> is <EndConcept>.'),
('HasLastSubevent', 'The last thing <DoerOfStartConcept> does when <DoerOfStartConcept> <StartConcept> is <EndConcept>.'),
('HasPrerequisite', '<DoerOfEndConcept> need <EndConcept> so <DoerOfStartConcept> can <StartConcept>.'),
('HasProperty', '<StartConcept> is <EndConcept>.'),
('HasSubevent', 'One of the things <DoerOfStartConcept> does when <DoerOfStartConcept> <StartConcept> is <EndConcept>.'),
('IsA', '<StartConcept> is a kind of <EndConcept>.'),
('LocatedNear', 'You can find <StartConcept> near <EndConcept>.'),
('LocationOfAction', '<DoerOfStartConcept> can <StartConcept> in <EndConcept>.'),
('MadeOf', '<StartConcept> is made of <EndConcept>.'),
('MotivatedByGoal', '<SubjectOfStartConcept> want to <StartConcept> because <SubjectOfEndConcept> wants <EndConcept>.\n'),
('NotCapableOf', '<StartConcept> can not <EndConcept>.'),
('NotHasA', '<StartConcept> does not have <EndConcept>.'),
('NotHasProperty', '<StartConcept> is not <EndConcept>.'),
('NotIsA', '<StartConcept> is not a kind of <EndConcept>.'),
('PartOf', '<StartConcept> is part of <EndConcept>.'),
('ReceivesAction', 'You can <EndConcept> <StartConcept>.'),
('SymbolOf', '<StartConcept> represents <EndConcept>.'),
('Synonym', '<StartConcept> is the same as <EndConcept>.'),
('UsedFor', 'You can use <StartConcept> <EndConcept>');

-- --------------------------------------------------------

--
-- Table structure for table `Words`
--

CREATE TABLE `Words` (
  `WordID` varchar(8) NOT NULL,
  `WordString` varchar(20) NOT NULL,
  `PartOfSpeech` varchar(12) NOT NULL,
  PRIMARY KEY (`WordID`),
  UNIQUE KEY `WordID` (`WordID`)
) ENGINE=InnoDB DEFAULT CHARSET=utf8;

--
-- Dumping data for table `Words`
--

INSERT INTO `Words` (`WordID`, `WordString`, `PartOfSpeech`) VALUES
('WORD0001', 'airplane', 'noun'),
('WORD0002', 'fly', 'verb'),
('WORD0003', 'wing', 'noun'),
('WORD0004', 'ant', 'noun'),
('WORD0005', 'insect', 'noun'),
('WORD0006', 'apple', 'noun'),
('WORD0007', 'juice', 'noun'),
('WORD0008', 'sweet', 'adjective'),
('WORD0009', 'drink', 'noun'),
('WORD0010', 'drink', 'verb'),
('WORD0011', 'hang', 'verb'),
('WORD0012', 'from', 'preposition'),
('WORD0013', 'tree', 'noun'),
('WORD0014', 'in', 'preposition'),
('WORD0015', 'seed', 'noun'),
('WORD0016', 'crunchy', 'adjective'),
('WORD0017', 'delicious', 'noun'),
('WORD0018', 'good', 'adjective'),
('WORD0019', 'for', 'preposition'),
('WORD0020', 'you', 'noun'),
('WORD0021', 'to', 'particle'),
('WORD0022', 'eat', 'verb'),
('WORD0023', 'to', 'preposition'),
('WORD0024', 'juicy', 'adjective'),
('WORD0025', 'red', 'adjective'),
('WORD0026', 'round', 'adjective'),
('WORD0027', 'small', 'adjective'),
('WORD0028', 'food', 'noun'),
('WORD0029', 'fruit', 'noun'),
('WORD0030', 'art paper', 'noun'),
('WORD0031', 'paper', 'noun'),
('WORD0032', 'bacon', 'noun'),
('WORD0033', 'ball', 'noun'),
('WORD0034', 'toy', 'noun'),
('WORD0035', 'store', 'noun'),
('WORD0036', 'catch', 'verb'),
('WORD0037', 'chase', 'verb'),
('WORD0038', 'fun', 'adjective'),
('WORD0039', 'play', 'verb'),
('WORD0040', 'game', 'noun'),
('WORD0041', 'balloon', 'noun'),
('WORD0042', 'at', 'preposition'),
('WORD0043', 'party', 'noun'),
('WORD0044', 'birthday', 'noun'),
('WORD0045', 'colorful', 'adjective'),
('WORD0046', 'banana split', 'noun'),
('WORD0047', 'banana', 'noun'),
('WORD0048', 'ice cream', 'noun'),
('WORD0049', 'dessert', 'noun'),
('WORD0050', 'grocery', 'noun'),
('WORD0051', 'delicious', 'adjective'),
('WORD0052', 'green', 'adjective'),
('WORD0053', 'yellow', 'adjective'),
('WORD0054', 'barbecue', 'noun'),
('WORD0055', 'garden', 'noun'),
('WORD0056', 'basketball', 'noun'),
('WORD0057', 'player', 'noun'),
('WORD0058', 'tall', 'adjective'),
('WORD0059', 'gym', 'noun'),
('WORD0060', 'park', 'noun'),
('WORD0061', 'sport', 'noun'),
('WORD0062', 'orange', 'adjective'),
('WORD0063', 'bat', 'noun'),
('WORD0064', 'beach ball', 'noun'),
('WORD0065', 'beautiful', 'adjective'),
('WORD0066', 'pretty', 'adjective'),
('WORD0067', 'bee', 'noun'),
('WORD0068', 'beef', 'noun'),
('WORD0069', 'bird', 'noun'),
('WORD0070', 'blow', 'verb'),
('WORD0071', 'candle', 'noun'),
('WORD0072', 'cake', 'noun'),
('WORD0073', 'blood', 'noun'),
('WORD0074', 'blue', 'adjective'),
('WORD0075', 'color', 'noun'),
('WORD0076', 'book', 'noun'),
('WORD0077', 'bread', 'noun'),
('WORD0078', 'refrigerator', 'noun'),
('WORD0079', 'bug', 'noun'),
('WORD0080', 'forest', 'noun'),
('WORD0081', 'butter', 'noun'),
('WORD0082', 'butterfly', 'noun'),
('WORD0083', 'tasty', 'adjective'),
('WORD0084', 'candy', 'noun'),
('WORD0085', 'sweet', 'noun'),
('WORD0086', 'carpenter', 'noun'),
('WORD0087', 'build', 'verb'),
('WORD0088', 'house', 'noun'),
('WORD0089', 'carrot', 'noun'),
('WORD0090', 'supermarket', 'noun'),
('WORD0091', 'plant', 'noun'),
('WORD0092', 'vegetable', 'noun'),
('WORD0093', 'cat', 'noun'),
('WORD0094', 'climb', 'verb'),
('WORD0095', 'caterpillar', 'noun'),
('WORD0096', 'become', 'verb'),
('WORD0097', 'many', 'verb'),
('WORD0098', 'leg', 'noun'),
('WORD0099', 'cave', 'noun'),
('WORD0100', 'mountain', 'noun'),
('WORD0101', 'cereal', 'noun'),
('WORD0102', 'cheese', 'noun'),
('WORD0103', 'chick', 'noun'),
('WORD0104', 'chicken', 'noun'),
('WORD0105', 'child', 'noun'),
('WORD0106', 'person', 'noun'),
('WORD0107', 'chocolate milk', 'noun'),
('WORD0108', 'chocolate', 'noun'),
('WORD0109', 'flavor', 'noun'),
('WORD0110', 'christmas ornament', 'noun'),
('WORD0111', 'be', 'verb'),
('WORD0112', 'careful', 'adjective'),
('WORD0113', 'brave', 'adjective'),
('WORD0114', 'dangerous', 'adjective'),
('WORD0115', 'clock', 'noun'),
('WORD0116', 'coin', 'noun'),
('WORD0117', 'coke', 'noun'),
('WORD0118', 'construction paper', 'noun'),
('WORD0119', 'cook', 'verb'),
('WORD0120', 'cookie', 'noun'),
('WORD0121', 'corn', 'noun'),
('WORD0122', 'crayon', 'noun'),
('WORD0123', 'color', 'verb'),
('WORD0124', 'crepe paper', 'noun'),
('WORD0125', 'crispy', 'adjective'),
('WORD0126', 'daisy', 'noun'),
('WORD0127', 'dog', 'noun'),
('WORD0128', 'doll', 'noun'),
('WORD0129', 'donut', 'noun'),
('WORD0130', 'dinner', 'noun'),
('WORD0131', 'thirsty', 'adjective'),
('WORD0132', 'duck', 'noun'),
('WORD0133', 'earth', 'noun'),
('WORD0134', 'breakfast', 'noun'),
('WORD0135', 'cold', 'noun'),
('WORD0136', 'happiness', 'noun'),
('WORD0137', 'lick', 'verb'),
('WORD0138', 'smile', 'verb'),
('WORD0139', 'cool off', 'verb'),
('WORD0140', 'lunch', 'noun'),
('WORD0141', 'feel', 'verb'),
('WORD0142', 'happy', 'adjective'),
('WORD0143', 'full', 'adjective'),
('WORD0144', 'sleepy', 'adjective'),
('WORD0145', 'brush', 'verb'),
('WORD0146', 'tooth', 'noun'),
('WORD0147', 'go', 'verb'),
('WORD0148', 'restaurant', 'noun'),
('WORD0149', 'wash', 'verb'),
('WORD0150', 'hand', 'noun'),
('WORD0151', 'chew', 'verb'),
('WORD0152', 'water', 'noun'),
('WORD0153', 'hungry', 'adjective'),
('WORD0154', 'egg', 'noun'),
('WORD0155', 'eraser', 'noun'),
('WORD0156', 'pencil', 'noun'),
('WORD0157', 'exercise', 'noun'),
('WORD0158', 'fast food', 'noun'),
('WORD0159', 'fire truck', 'noun'),
('WORD0160', 'fire', 'noun'),
('WORD0161', 'firework', 'noun'),
('WORD0162', 'fish', 'noun'),
('WORD0163', 'flagpole', 'noun'),
('WORD0164', 'flower', 'noun'),
('WORD0165', 'come', 'verb'),
('WORD0166', 'many', 'adjective'),
('WORD0167', 'fragrant', 'adjective'),
('WORD0168', 'fly', 'noun'),
('WORD0169', 'garbage', 'noun'),
('WORD0170', 'sky', 'noun'),
('WORD0171', 'mall', 'noun'),
('WORD0172', 'get rid of', 'verb'),
('WORD0173', 'hunger', 'noun'),
('WORD0174', 'rot', 'verb'),
('WORD0175', 'yummy', 'adjective'),
('WORD0176', 'grill', 'verb'),
('WORD0177', 'serve', 'verb'),
('WORD0178', 'on', 'preposition'),
('WORD0179', 'plate', 'noun'),
('WORD0180', 'fill up', 'verb'),
('WORD0181', 'stomach', 'noun'),
('WORD0182', 'fork', 'noun'),
('WORD0183', 'friend', 'noun'),
('WORD0184', 'grow', 'verb'),
('WORD0185', 'gift', 'noun'),
('WORD0186', 'market', 'noun'),
('WORD0187', 'up', 'adjective'),
('WORD0188', 'ham', 'noun'),
('WORD0189', 'hamburger', 'noun'),
('WORD0190', 'have', 'verb'),
('WORD0191', 'over', 'preposition'),
('WORD0192', 'heart', 'noun'),
('WORD0193', 'hot chocolate', 'noun'),
('WORD0194', 'freezer', 'noun'),
('WORD0195', 'melt', 'verb'),
('WORD0196', 'cold', 'adjective'),
('WORD0197', 'milk', 'noun'),
('WORD0198', 'sore throat', 'noun'),
('WORD0199', 'pond', 'noun'),
('WORD0200', 'leaf', 'noun'),
('WORD0201', 'small', 'noun'),
('WORD0202', 'animal', 'noun'),
('WORD0203', 'junk food', 'noun'),
('WORD0204', 'kitten', 'noun'),
('WORD0205', 'ladybug', 'noun'),
('WORD0206', 'lasagna', 'noun'),
('WORD0207', 'leftover', 'noun'),
('WORD0208', 'lettuce', 'noun'),
('WORD0209', 'magician', 'noun'),
('WORD0210', 'magnet', 'noun'),
('WORD0211', 'marker', 'noun'),
('WORD0212', 'meat', 'noun'),
('WORD0213', 'money', 'noun'),
('WORD0214', 'monkey', 'noun'),
('WORD0215', 'zoo', 'noun'),
('WORD0216', 'long', 'adjective'),
('WORD0217', 'tail', 'noun'),
('WORD0218', 'funny', 'adjective'),
('WORD0219', 'moon', 'noun'),
('WORD0220', 'mosquito', 'noun'),
('WORD0221', 'music', 'noun'),
('WORD0222', 'nest', 'noun'),
('WORD0223', 'night', 'noun'),
('WORD0224', 'noodle', 'noun'),
('WORD0225', 'ocean', 'noun'),
('WORD0226', 'orange', 'noun'),
('WORD0227', 'paint', 'noun'),
('WORD0228', 'notebook', 'noun'),
('WORD0229', 'wood', 'noun'),
('WORD0230', 'draw', 'verb'),
('WORD0231', 'write', 'verb'),
('WORD0232', 'playground', 'noun'),
('WORD0233', 'dress', 'verb'),
('WORD0234', 'nice', 'adverb'),
('WORD0235', 'present', 'noun'),
('WORD0236', 'celebration', 'noun'),
('WORD0237', 'celebrate', 'verb'),
('WORD0238', 'pencil sharpener', 'noun'),
('WORD0239', 'school', 'noun'),
('WORD0240', 'desk', 'noun'),
('WORD0241', 'case', 'noun'),
('WORD0242', 'break', 'verb'),
('WORD0243', 'pen', 'noun'),
('WORD0244', 'note', 'noun'),
('WORD0245', 'pepsi', 'noun'),
('WORD0246', 'picture', 'noun'),
('WORD0247', 'pineapple', 'noun'),
('WORD0248', 'pink', 'adjective'),
('WORD0249', 'pizza', 'noun'),
('WORD0250', 'pot', 'noun'),
('WORD0251', 'soil', 'noun'),
('WORD0252', 'sunlight', 'noun'),
('WORD0253', 'popcorn', 'noun'),
('WORD0254', 'pork', 'noun'),
('WORD0255', 'rabbit', 'noun'),
('WORD0256', 'rainbow', 'noun'),
('WORD0257', 'of', 'preposition'),
('WORD0258', 'love', 'noun'),
('WORD0259', 'primary color', 'noun'),
('WORD0260', 'anger', 'noun'),
('WORD0261', 'danger', 'noun'),
('WORD0262', 'kitchen', 'noun'),
('WORD0263', 'use', 'verb'),
('WORD0264', 'electricity', 'noun'),
('WORD0265', 'keep', 'verb'),
('WORD0266', 'cool', 'adjective'),
('WORD0267', 'rice', 'noun'),
('WORD0268', 'rose', 'noun'),
('WORD0269', 'attract', 'verb'),
('WORD0270', 'thorn', 'noun'),
('WORD0271', 'shape', 'noun'),
('WORD0272', 'circle', 'noun'),
('WORD0273', 'rubber duck', 'noun'),
('WORD0274', 'sandbox', 'noun'),
('WORD0275', 'sausage', 'noun'),
('WORD0276', 'seashell', 'noun'),
('WORD0277', 'into', 'preposition'),
('WORD0278', 'slide', 'noun'),
('WORD0279', 'large', 'adjective'),
('WORD0280', 'snack', 'noun'),
('WORD0281', 'soap', 'noun'),
('WORD0282', 'soda', 'noun'),
('WORD0283', 'soft drink', 'noun'),
('WORD0284', 'soup', 'noun'),
('WORD0285', 'spaghetti', 'noun'),
('WORD0286', 'sauce', 'noun'),
('WORD0287', 'spider', 'noun'),
('WORD0288', 'spoon', 'noun'),
('WORD0289', 'star', 'noun'),
('WORD0290', 'stone', 'noun'),
('WORD0291', 'stop sign', 'noun'),
('WORD0292', 'strawberry', 'noun'),
('WORD0293', 'summer', 'noun'),
('WORD0294', 'sun', 'noun'),
('WORD0295', 'sundae', 'noun'),
('WORD0296', 'sunflower', 'noun'),
('WORD0297', 'face', 'verb'),
('WORD0298', 'sunset', 'noun'),
('WORD0299', 'superman', 'noun'),
('WORD0300', 'surprise', 'noun'),
('WORD0301', 'tooth decay', 'noun'),
('WORD0302', 'swing', 'noun'),
('WORD0303', 'reach', 'verb'),
('WORD0304', 'high', 'adjective'),
('WORD0305', 'cabinet', 'noun'),
('WORD0306', 'shelf', 'noun'),
('WORD0307', 'teddy bear', 'noun'),
('WORD0308', 'tire', 'noun'),
('WORD0309', 'tomato', 'noun'),
('WORD0310', 'car', 'noun'),
('WORD0311', 'race', 'noun'),
('WORD0312', 'vanilla', 'noun'),
('WORD0313', 'violet', 'adjective'),
('WORD0314', 'white', 'adjective'),
('WORD0315', 'worm', 'noun'),
('WORD0316', 'yo-yo', 'noun');
--
-- Database: `ImageLibrary`
--
CREATE DATABASE `ImageLibrary` DEFAULT CHARACTER SET utf8 COLLATE utf8_general_ci;
USE `ImageLibrary`;

-- --------------------------------------------------------

--
-- Table structure for table `Emoticons`
--

CREATE TABLE `Emoticons` (
  `EmoticonID` varchar(8) NOT NULL,
  `Emotion` varchar(15) NOT NULL,
  `Path` varchar(300) NOT NULL,
  PRIMARY KEY (`EmoticonID`)
) ENGINE=InnoDB DEFAULT CHARSET=utf8;

--
-- Dumping data for table `Emoticons`
--

INSERT INTO `Emoticons` (`EmoticonID`, `Emotion`, `Path`) VALUES
('EMCN0001', 'happy', 'images/emoticons/happy.png'),
('EMCN0002', 'sad', 'images/emoticons/sad.png');

-- --------------------------------------------------------

--
-- Table structure for table `StoryIllustrations`
--

CREATE TABLE `StoryIllustrations` (
  `ImageID` varchar(8) NOT NULL,
  `StoryID` varchar(8) NOT NULL,
  `Path` varchar(300) NOT NULL,
  PRIMARY KEY (`ImageID`)
) ENGINE=InnoDB DEFAULT CHARSET=utf8;

--
-- Dumping data for table `StoryIllustrations`
--

INSERT INTO `StoryIllustrations` (`ImageID`, `StoryID`, `Path`) VALUES
('IMG00001', 'STRY0001', 'images/story illustrations/Half and Half/S45C-113120316371_0002.jpg'),
('IMG00002', 'STRY0001', 'images/story illustrations/Half and Half/S45C-113120316371_0003.jpg'),
('IMG00003', 'STRY0001', 'images/story illustrations/Half and Half/S45C-113120316371_0004.jpg'),
('IMG00004', 'STRY0001', 'images/story illustrations/Half and Half/S45C-113120316371_0005.jpg'),
('IMG00005', 'STRY0001', 'images/story illustrations/Half and Half/S45C-113120316371_0006.jpg'),
('IMG00006', 'STRY0001', 'images/story illustrations/Half and Half/S45C-113120316371_0007.jpg'),
('IMG00007', 'STRY0001', 'images/story illustrations/Half and Half/S45C-113120316371_0008.jpg'),
('IMG00008', '', 'images/story illustrations/Half and Half/S45C-113120316371_0009_a.jpg'),
('IMG00009', '', 'images/story illustrations/Half and Half/S45C-113120316371_0009_b.jpg'),
('IMG00010', '', 'images/story illustrations/Half and Half/S45C-113120316371_0010_a.jpg'),
('IMG00011', '', 'images/story illustrations/Half and Half/S45C-113120316371_0010_b.jpg'),
('IMG00012', '', 'images/story illustrations/Half and Half/S45C-113120316371_0011_a.jpg'),
('IMG00013', '', 'images/story illustrations/Half and Half/S45C-113120316371_0011_b.jpg'),
('IMG00014', '', 'images/story illustrations/Half and Half/S45C-113120316371_0012_a.jpg'),
('IMG00015', '', 'images/story illustrations/Half and Half/S45C-113120316371_0012_b.jpg'),
('IMG00016', '', 'images/story illustrations/Half and Half/S45C-113120316371_0013_a.jpg'),
('IMG00017', '', 'images/story illustrations/Half and Half/S45C-113120316371_0013_b.jpg');

-- --------------------------------------------------------

--
-- Table structure for table `UserAvatars`
--

CREATE TABLE `UserAvatars` (
  `AvatarID` varchar(8) NOT NULL,
  `Path` varchar(300) NOT NULL,
  PRIMARY KEY (`AvatarID`)
) ENGINE=InnoDB DEFAULT CHARSET=utf8;

--
-- Dumping data for table `UserAvatars`
--

INSERT INTO `UserAvatars` (`AvatarID`, `Path`) VALUES
('AVTR0001', 'images/user avatars/charAnt.png'),
('AVTR0002', 'images/user avatars/charBat.png'),
('AVTR0003', 'images/user avatars/charBee.png'),
('AVTR0004', 'images/user avatars/charBird.png'),
('AVTR0005', 'images/user avatars/charBirdNest.png'),
('AVTR0006', 'images/user avatars/charBone.png'),
('AVTR0007', 'images/user avatars/charButterfly.png'),
('AVTR0008', 'images/user avatars/charCrab.png'),
('AVTR0009', 'images/user avatars/charCat.png'),
('AVTR0010', 'images/user avatars/charCrocodile.png'),
('AVTR0011', 'images/user avatars/charDolphin.png'),
('AVTR0012', 'images/user avatars/charDog.png'),
('AVTR0013', 'images/user avatars/charDove.png'),
('AVTR0014', 'images/user avatars/charDuck.png'),
('AVTR0015', 'images/user avatars/charElephant.png'),
('AVTR0016', 'images/user avatars/charFish.png'),
('AVTR0017', 'images/user avatars/charFishTank.png'),
('AVTR0018', 'images/user avatars/charFly.png'),
('AVTR0019', 'images/user avatars/charFootprint.png'),
('AVTR0020', 'images/user avatars/charGiraffe.png'),
('AVTR0021', 'images/user avatars/charGoat.png'),
('AVTR0022', 'images/user avatars/charHen.png'),
('AVTR0023', 'images/user avatars/charHorse.png'),
('AVTR0024', 'images/user avatars/charJellyfish.png'),
('AVTR0025', 'images/user avatars/charLion.png'),
('AVTR0026', 'images/user avatars/charMonkey.png'),
('AVTR0027', 'images/user avatars/charOctopus.png'),
('AVTR0028', 'images/user avatars/charOwl.png'),
('AVTR0029', 'images/user avatars/charPeacock.png'),
('AVTR0030', 'images/user avatars/charPenguin.png'),
('AVTR0031', 'images/user avatars/charPig.png'),
('AVTR0032', 'images/user avatars/charRabbit.png'),
('AVTR0033', 'images/user avatars/charRat.png'),
('AVTR0034', 'images/user avatars/charSnake.png'),
('AVTR0035', 'images/user avatars/charSquirrel.png'),
('AVTR0036', 'images/user avatars/charTurtle.png');
--
-- Database: `StoryLibrary`
--
CREATE DATABASE `StoryLibrary` DEFAULT CHARACTER SET utf8 COLLATE utf8_general_ci;
USE `StoryLibrary`;

-- --------------------------------------------------------

--
-- Table structure for table `Choices`
--

CREATE TABLE `Choices` (
  `ChoiceID` varchar(8) NOT NULL,
  `Choice` varchar(300) NOT NULL,
  `QuestionID` varchar(8) NOT NULL,
  `IsCorrect` smallint(1) NOT NULL,
  PRIMARY KEY (`ChoiceID`)
) ENGINE=InnoDB DEFAULT CHARSET=utf8;

--
-- Dumping data for table `Choices`
--

INSERT INTO `Choices` (`ChoiceID`, `Choice`, `QuestionID`, `IsCorrect`) VALUES
('CHCE0001', 'He always cuts fruits in half and shares it with his father', 'QSTN0001', 1),
('CHCE0002', 'He wanted to draw the fruits in a unique and creative way', 'QSTN0001', 0),
('CHCE0003', 'He was too lazy to draw whole fruits', 'QSTN0001', 0),
('CHCE0004', 'He ran out of time to finish his drawing', 'QSTN0001', 0),
('CHCE0005', 'She did not like Teo''s drawing', 'QSTN0002', 0),
('CHCE0006', 'She thought Teo did not finish his drawing', 'QSTN0002', 0),
('CHCE0007', 'She thought Teo did not follow her instructions', 'QSTN0002', 1),
('CHCE0008', 'She thought that Teo''s drawing will not win the art contest ', 'QSTN0002', 0);

-- --------------------------------------------------------

--
-- Table structure for table `Questions`
--

CREATE TABLE `Questions` (
  `QuestionID` varchar(8) NOT NULL,
  `StoryID` varchar(8) NOT NULL,
  `Question` varchar(300) NOT NULL,
  `Choices` varchar(600) NOT NULL,
  `CorrectAnswer` varchar(150) NOT NULL,
  PRIMARY KEY (`QuestionID`)
) ENGINE=InnoDB DEFAULT CHARSET=utf8;

--
-- Dumping data for table `Questions`
--

INSERT INTO `Questions` (`QuestionID`, `StoryID`, `Question`, `Choices`, `CorrectAnswer`) VALUES
('QSTN0001', 'STRY0001', 'Why did Teo only draw half of each fruit in his drawing? ', 'He always cuts fruits in half and shares it with his father;He wanted to draw the fruits in a unique and creative way;He was too lazy to draw whole fruits;He ran out of time to finish his drawing', 'He always cuts fruits in half and shares it with his father'),
('QSTN0002', 'STRY0001', 'Why did Teacher Ligaya become sad and worried when she saw Teo''s drawing?', 'She did not like Teo''s drawing;She thought Teo did not finish his drawing;She thought Teo did not follow her instructions;She thought that Teo''s drawing will not win the art contest ', 'She thought Teo did not follow her instructions');

-- --------------------------------------------------------

--
-- Table structure for table `StoryProfiles`
--

CREATE TABLE `StoryProfiles` (
  `StoryID` varchar(8) NOT NULL,
  `Title` varchar(50) NOT NULL,
  `Author` varchar(50) NOT NULL,
  `Summary` varchar(500) NOT NULL DEFAULT ' ',
  `StoryPath` varchar(300) NOT NULL,
  `TopicConcepts` varchar(45) NOT NULL,
  `IconPath` varchar(300) NOT NULL DEFAULT '',
  `ReadCount` int(3) NOT NULL DEFAULT '0',
  `Rating` int(1) NOT NULL DEFAULT '0',
  PRIMARY KEY (`StoryID`)
) ENGINE=InnoDB DEFAULT CHARSET=utf8;

--
-- Dumping data for table `StoryProfiles`
--

INSERT INTO `StoryProfiles` (`StoryID`, `Title`, `Author`, `Summary`, `StoryPath`, `TopicConcepts`, `IconPath`, `ReadCount`, `Rating`) VALUES
('STRY0001', 'Half and Half', 'Grace Chong', 'Half a banana? Half a guava? Why are the fruits which Teo drew for the Inter-School Kalikasan Art Contest only in halves? ', 'stories/Half and Half.txt', 'CONC0025', 'images/story icons/Half and Half.jpg', 46, 0);
--
-- Database: `UserInformation`
--
CREATE DATABASE `UserInformation` DEFAULT CHARACTER SET utf8 COLLATE utf8_general_ci;
USE `UserInformation`;

-- --------------------------------------------------------

--
-- Table structure for table `Agents`
--

CREATE TABLE `Agents` (
  `AgentID` varchar(8) NOT NULL,
  `Name` varchar(25) NOT NULL,
  `Gender` char(1) NOT NULL DEFAULT 'M',
  `Age` int(2) NOT NULL DEFAULT '8',
  `AvatarID` varchar(8) NOT NULL,
  PRIMARY KEY (`AgentID`)
) ENGINE=InnoDB DEFAULT CHARSET=utf8;

--
-- Dumping data for table `Agents`
--

INSERT INTO `Agents` (`AgentID`, `Name`, `Gender`, `Age`, `AvatarID`) VALUES
('AGNT0001', 'Paolo', 'M', 8, 'AVTR0012'),
('AGNT0002', 'Ana', 'F', 8, 'AVTR0009');

-- --------------------------------------------------------

--
-- Table structure for table `Users`
--

CREATE TABLE `Users` (
  `UserID` varchar(8) NOT NULL,
  `Name` varchar(25) NOT NULL,
  `Gender` char(1) NOT NULL DEFAULT 'M',
  `Age` int(2) NOT NULL DEFAULT '8',
  `AvatarID` varchar(8) NOT NULL,
  PRIMARY KEY (`UserID`)
) ENGINE=InnoDB DEFAULT CHARSET=utf8;

--
-- Dumping data for table `Users`
--

INSERT INTO `Users` (`UserID`, `Name`, `Gender`, `Age`, `AvatarID`) VALUES
('USER0001', 'Xyra', 'F', 8, 'AVTR0003'),
('USER0002', 'Zhayne', 'F', 8, 'AVTR0016');

/*!40101 SET CHARACTER_SET_CLIENT=@OLD_CHARACTER_SET_CLIENT */;
/*!40101 SET CHARACTER_SET_RESULTS=@OLD_CHARACTER_SET_RESULTS */;
/*!40101 SET COLLATION_CONNECTION=@OLD_COLLATION_CONNECTION */;
